date,ms,rec,cpi1,cpi2,ppi1,ppi2,gr,ur,ip,cu
1953-04,U,3,0.87,NA,-1.64,0.77,6.8,2.7,11.99,NA
1953-05,U,3,0.87,NA,-1.31,1.15,6.8,2.5,13.47,NA
1953-06,U,3,0.9,NA,-0.98,1.53,6.8,2.5,14,NA
1953-07,U,1,0.41,NA,-0.98,1.9,5.4,2.6,16.83,NA
1953-08,U,1,0.6,NA,-0.98,2.28,5.4,2.7,10.05,NA
1953-09,U,1,0.97,NA,-0.66,2.67,5.4,2.9,4.42,NA
1953-10,U,1,0.97,NA,-0.33,2.67,0.5,3.1,2.56,NA
1953-11,U,1,0.6,NA,-0.33,2.68,0.5,3.5,-1.86,NA
1953-12,U,1,0.6,NA,0.66,2.29,0.5,4.5,-4.9,NA
1954-01,U,1,1.12,NA,0.66,2.29,-1.8,4.9,-5.92,NA
1954-02,U,1,1.49,NA,0.66,2.29,-1.8,5.2,-6.18,NA
1954-03,U,1,1.12,NA,0.33,1.9,-1.8,5.7,-7.61,NA
1954-04,U,1,0.63,NA,1.32,1.9,-2.4,5.9,-8.63,NA
1954-05,U,1,0.86,NA,0.99,1.51,-2.4,5.9,-8.58,NA
1954-06,U,2,0.63,NA,0,1.13,-2.4,5.6,-7.87,NA
1954-07,U,2,0.26,NA,0,0.75,-0.8,5.8,-8.95,NA
1954-08,U,2,0,NA,0,0.38,-0.8,6,-8.55,NA
1954-09,U,2,-0.3,NA,-0.33,0,-0.8,6.1,-6.33,NA
1954-10,U,2,-0.86,NA,-0.66,0.38,2.7,5.7,-4.31,NA
1954-11,U,2,-0.26,NA,0,0.75,2.7,5.3,-0.29,NA
1954-12,U,2,-0.37,NA,-0.33,1.13,2.7,5,3.48,NA
1955-01,U,2,-0.63,NA,-0.33,1.13,6.2,4.9,6.48,NA
1955-02,U,2,-0.63,NA,0.33,1.13,6.2,4.7,7.43,NA
1955-03,U,2,-0.52,NA,-0.33,1.12,6.2,4.6,10.34,NA
1955-04,U,2,-0.26,NA,-0.66,1.49,7.8,4.7,12.14,NA
1955-05,U,2,-0.6,NA,-0.66,1.86,7.8,4.3,13.13,NA
1955-06,U,0,-0.86,NA,0.33,2.22,7.8,4.2,12.96,NA
1955-07,U,0,-0.37,NA,-0.33,2.22,8,4,13.59,NA
1955-08,U,0,-0.49,NA,0,3.32,8,4.2,13.61,NA
1955-09,U,0,0.15,NA,0.66,4.41,8,4.1,14.11,NA
1955-10,U,0,0.37,NA,1.32,5.11,6.6,4.3,14.59,NA
1955-11,U,0,0.37,NA,0.99,5.47,6.6,4.2,13.24,NA
1955-12,U,0,0.37,NA,1.31,5.45,6.6,4.2,12.33,NA
1956-01,U,0,0.22,NA,0.98,5.8,3.2,4,10.7,NA
1956-02,U,3,0.15,NA,0.98,6.5,3.2,3.9,8.57,NA
1956-03,U,3,0.37,NA,1.96,6.82,3.2,4.2,6.26,NA
1956-04,H,3,0.52,NA,1.95,7.15,2.4,4,5.81,NA
1956-05,H,3,0.97,NA,2.6,7.44,2.4,4.3,3.35,NA
1956-06,U,3,1.63,NA,2.91,7.41,2.4,4.3,2.33,NA
1956-07,H,3,1.96,NA,2.92,7.41,1,4.4,-1.57,NA
1956-08,H,3,2.18,NA,3.24,7.33,1,4.1,2.56,NA
1956-09,H,3,1.85,NA,3.54,7.95,1,3.9,4.17,NA
1956-10,H,3,2.54,NA,3.85,7.54,2,3.9,3.37,NA
1956-11,H,3,2.32,NA,4.16,8.17,2,4.3,2.25,NA
1956-12,H,3,2.79,NA,3.83,7.81,2,4.2,3.35,NA
1957-01,F,3,3.08,NA,4.46,7.79,3.1,4.2,2.35,NA
1957-02,F,3,3.44,NA,4.45,7.73,3.1,3.9,4.21,NA
1957-03,H,3,3.54,NA,3.81,7.36,3.1,3.7,4.09,NA
1957-04,H,3,3.65,NA,4.11,6.67,2,3.9,1.99,NA
1957-05,H,3,3.53,NA,3.46,6.28,2,4.1,2.5,NA
1957-06,H,3,3.47,NA,3.44,5.94,2,4.3,3.64,NA
1957-07,H,3,3.24,NA,4.07,6.58,3.1,4.2,7.36,NA
1957-08,D,1,3.49,NA,3.75,5.88,3.1,4.1,3.36,NA
1957-09,D,1,3.49,NA,3.12,4.86,3.1,4.4,0.25,NA
1957-10,H,1,2.9,NA,2.79,4.52,0.4,4.5,-2.11,NA
1957-11,H,1,3.22,NA,3.09,4.16,0.4,5.1,-3.65,NA
1957-12,B,1,2.99,NA,3.39,4.47,0.4,5.2,-7.07,NA
1958-01,U,1,3.45,2.77,3.37,4.15,-2.9,5.8,-8.56,NA
1958-02,U,1,3.19,2.76,3.06,3.81,-2.9,6.4,-11.69,NA
1958-03,U,1,3.56,2.75,3.97,3.17,-2.9,6.7,-12.8,NA
1958-04,U,1,3.55,2.4,2.75,3.49,-2,7.4,-13.13,NA
1958-05,U,2,3.3,2.4,2.75,2.84,-2,7.4,-11.78,NA
1958-06,U,2,2.81,2.39,2.43,2.84,-2,7.3,-9.42,NA
1958-07,U,2,2.45,2.05,1.82,2.2,-0.7,7.5,-8.56,NA
1958-08,U,2,2.31,2.05,1.82,1.57,-0.7,7.4,-6.58,NA
1958-09,U,2,2.06,2.04,1.82,1.57,-0.7,7.1,-4.81,NA
1958-10,U,3,2.06,1.7,1.52,1.25,2.7,6.7,-2.15,NA
1958-11,U,3,1.88,1.69,0.91,1.25,2.7,6.2,3.16,NA
1958-12,U,3,1.74,2.03,0.3,1.24,2.7,6.2,5.23,NA
1959-01,H,3,1.28,2.03,-0.3,1.24,7.4,6,8.56,NA
1959-02,U,3,1.04,1.69,0,1.24,7.4,5.9,12.65,NA
1959-03,U,3,0.35,1.68,-0.6,1.86,7.4,5.6,15.32,NA
1959-04,H,3,0.14,1.68,0,1.85,9.2,5.2,19.09,NA
1959-05,H,3,0.34,2.01,0.3,1.85,9.2,5.1,19.61,NA
1959-06,H,3,0.69,2.01,-0.3,2.46,9.2,5,17.12,NA
1959-07,H,3,0.9,2.01,-0.3,2.16,6.6,5.1,13.22,NA
1959-08,H,3,0.83,2.01,-0.6,2.47,6.6,5.2,7.79,NA
1959-09,D,3,1.17,2,0.6,2.46,6.6,5.5,6.76,NA
1959-10,D,3,1.51,2.33,-0.3,2.16,4.5,5.7,4.87,NA
1959-11,D,3,1.37,1.99,-0.6,1.23,4.5,5.8,2.58,NA
1959-12,D,3,1.51,1.99,-0.3,0.92,4.5,5.3,8.45,NA
1960-01,D,3,1.23,1.99,0,1.23,4.9,5.2,9.56,NA
1960-02,D,3,1.4,2.31,-0.3,1.22,4.9,4.8,6.73,NA
1960-03,H,3,1.51,1.98,0.6,0.92,4.9,5.4,4.4,NA
1960-04,H,1,1.91,1.98,0.6,0.31,2,5.2,1.5,NA
1960-05,H,1,1.81,1.65,0.3,0,2,5.1,-0.11,NA
1960-06,H,1,1.7,1.64,0.6,-0.3,2,5.4,-1.49,NA
1960-07,U,1,1.36,1.32,1.2,0,2.5,5.5,0.58,NA
1960-08,U,1,1.46,1.32,1.2,0.3,2.5,5.6,3.91,NA
1960-09,U,1,1.22,0.99,0,-0.92,2.5,5.5,2.98,NA
1960-10,U,1,1.35,1.31,1.8,0,0.9,6.1,3.59,NA
1960-11,U,1,1.45,1.31,2.1,0.31,0.9,6.1,1.56,NA
1960-12,U,1,1.35,0.65,1.8,0.31,0.9,6.6,-6.36,NA
1961-01,U,1,1.59,0.98,1.5,0.3,-0.7,6.6,-8.83,NA
1961-02,U,1,1.45,0.65,1.8,0,-0.7,6.9,-8.06,NA
1961-03,U,2,1.45,0.98,0.6,0,-0.7,6.9,-6.55,NA
1961-04,U,2,0.91,0.98,0,0.3,1.6,7,-3.72,NA
1961-05,U,2,0.91,0.98,-0.3,0.61,1.6,7.1,-2.08,NA
1961-06,U,2,0.77,0.97,-0.3,0.3,1.6,6.9,0.58,NA
1961-07,U,2,1.24,1.3,-0.6,0.3,3,7,2.07,NA
1961-08,U,2,1.11,1.62,0,0,3,6.6,3.09,NA
1961-09,U,2,1.24,1.62,-0.3,0.92,3,6.7,4.03,NA
1961-10,U,2,0.77,0.97,-1.19,0.3,6.4,6.5,6.05,NA
1961-11,U,2,0.67,1.29,-0.89,0.3,6.4,6.1,9.01,NA
1961-12,U,2,0.67,1.62,-0.6,0.3,6.4,6,11.81,NA
1962-01,U,2,0.67,1.29,-0.3,0.3,7.6,5.8,10.81,NA
1962-02,U,2,0.9,1.29,-0.3,0.3,7.6,5.5,12.56,NA
1962-03,U,0,1.1,1.29,-0.3,0.3,7.6,5.6,12.49,NA
1962-04,U,0,1.33,1.29,0.3,0.3,6.7,5.6,10.67,NA
1962-05,U,0,1.33,1.61,0.3,0.3,6.7,5.5,9.03,NA
1962-06,U,0,1.23,1.28,0.3,0.3,6.7,5.5,7.43,NA
1962-07,U,0,1,1.28,0.3,0.3,6,5.4,7.24,NA
1962-08,U,0,1.13,1.28,0.3,0.3,6,5.7,6.44,NA
1962-09,U,0,1.46,1.28,1.49,0.3,6,5.6,7.18,NA
1962-10,U,0,1.33,1.28,0.9,0.3,4.3,5.4,5.39,NA
1962-11,U,0,1.33,0.96,0.6,0.3,4.3,5.7,4.27,NA
1962-12,U,0,1.23,1.27,0.3,0.3,4.3,5.5,3.4,NA
1963-01,U,0,1.32,0.96,-0.3,0,3.6,5.7,5,NA
1963-02,U,0,1.22,1.27,-0.6,0,3.6,5.9,4.51,NA
1963-03,U,0,1.12,1.27,-0.6,0,3.6,5.7,4.59,NA
1963-04,U,0,0.89,1.27,-0.6,0,3.8,5.7,5.29,NA
1963-05,U,0,0.89,0.95,0,0,3.8,5.9,6.6,NA
1963-06,U,0,1.32,1.27,0.3,0,3.8,5.6,7.11,NA
1963-07,U,0,1.54,1.27,0,0,4.8,5.6,5.76,NA
1963-08,U,0,1.54,1.26,-0.3,0,4.8,5.4,5.85,NA
1963-09,U,0,0.98,1.26,-1.19,0.3,4.8,5.5,6.21,NA
1963-10,U,0,1.21,1.57,-0.3,0.3,5.2,5.5,6.79,NA
1963-11,U,0,1.31,1.57,-0.3,0.6,5.2,5.7,6.86,NA
1963-12,U,0,1.63,1.57,-0.3,0.6,5.2,5.5,6.67,NA
1964-01,U,0,1.63,2.2,0.3,0.6,6.3,5.6,6.82,NA
1964-02,U,0,1.4,1.88,0.3,0.6,6.3,5.4,6.36,NA
1964-03,U,0,1.4,1.56,0.3,0.9,6.3,5.4,5.74,NA
1964-04,U,0,1.53,1.56,0.6,0.9,6.1,5.3,6.45,NA
1964-05,U,0,1.53,1.56,0.3,1.5,6.1,5.1,5.82,NA
1964-06,U,0,1.3,1.56,0,1.2,6.1,5.2,5.8,NA
1964-07,U,0,1.07,1.56,0.3,1.5,5.5,4.9,6.85,NA
1964-08,U,0,0.97,1.25,0.6,1.5,5.5,5,7.3,NA
1964-09,U,0,1.17,1.25,0.6,1.2,5.5,5.1,6.68,NA
1964-10,U,0,1.2,1.24,0.3,1.2,5.1,5.1,4.6,NA
1964-11,U,0,1.39,1.55,0.3,0.9,5.1,4.8,7.15,NA
1964-12,F,0,1.19,1.24,0.6,0.9,5.1,5,8.52,NA
1965-01,U,0,1.09,1.23,0.3,1.2,5.5,4.9,8.72,NA
1965-02,U,0,1.19,1.23,0.6,1.49,5.5,5.1,8.66,NA
1965-03,U,0,1.19,1.23,0.89,1.19,5.5,4.7,9.98,NA
1965-04,U,0,1.38,1.54,1.48,1.49,5.6,4.8,8.79,NA
1965-05,U,0,1.6,1.54,1.78,0.89,5.6,4.6,9,NA
1965-06,U,0,1.92,1.23,2.07,1.19,5.6,4.6,9.49,NA
1965-07,U,0,1.79,1.23,1.78,0.89,6.4,4.4,9.77,NA
1965-08,U,0,1.6,1.23,1.77,0.89,6.4,4.4,9.54,NA
1965-09,F,0,1.72,1.54,2.06,1.19,6.4,4.3,9.42,NA
1965-10,F,0,1.69,1.23,2.35,1.19,8.5,4.2,11.82,NA
1965-11,F,0,1.72,1.22,2.64,1.48,8.5,4.1,9.19,NA
1965-12,D,0,1.9,1.53,3.22,1.48,8.5,4,9.25,NA
1966-01,D,0,1.9,1.22,3.22,1.18,8.5,4,9.16,NA
1966-02,H,0,2.53,1.52,3.79,1.47,8.5,3.8,9.19,NA
1966-03,D,0,2.74,1.52,3.79,1.47,8.5,3.8,9.23,NA
1966-04,D,0,2.83,1.82,3.18,1.47,7.5,3.8,8.95,NA
1966-05,D,0,2.73,2.12,2.89,2.05,7.5,3.9,9.12,NA
1966-06,D,0,2.41,2.42,2.03,2.34,7.5,3.8,8.82,NA
1966-07,D,0,2.72,2.72,2.89,2.63,6.1,3.8,8.43,NA
1966-08,D,0,3.43,3.01,3.45,2.92,6.1,3.8,8.09,NA
1966-09,D,0,3.51,3,3.72,2.91,6.1,3.7,8.76,NA
1966-10,D,0,3.72,3.59,3.15,3.19,4.5,3.7,8.45,NA
1966-11,D,0,3.5,3.29,2.86,3.47,4.5,3.6,7.35,NA
1966-12,D,0,3.3,3.28,2,3.75,4.5,3.8,6.34,NA
1967-01,D,0,3.15,3.57,2,4.04,2.9,3.9,5.83,NA
1967-02,F,0,2.83,3.27,0.85,3.73,2.9,3.8,4.05,NA
1967-03,U,0,2.52,3.56,0.85,3.73,2.9,3.8,2.12,NA
1967-04,U,0,2.51,3.25,0.57,3.72,2.6,3.8,2.9,NA
1967-05,U,0,2.29,3.24,0.85,3.42,2.6,3.8,1.08,NA
1967-06,U,0,2.8,3.23,2.27,3.13,2.6,3.9,0.6,NA
1967-07,H,0,2.89,3.22,1.69,3.12,2.8,3.8,-0.18,NA
1967-08,H,0,2.57,3.5,1.12,3.11,2.8,3.8,1.64,NA
1967-09,H,0,2.56,3.49,0.56,2.83,2.8,3.8,0.55,NA
1967-10,H,0,2.55,3.18,1.12,3.09,2.7,4,0.67,NA
1967-11,H,0,3.06,3.47,1.12,2.8,2.7,3.9,2.78,NA
1967-12,H,0,3.23,3.74,1.68,3.07,2.7,3.8,3.62,NA
1968-01,H,0,3.58,3.73,1.96,3.06,3.8,3.7,3.05,0.87
1968-02,H,0,3.57,4.29,2.52,3.05,3.8,3.8,4.54,0.87
1968-03,H,0,3.86,4.28,2.79,3.05,3.8,3.7,5.42,0.87
1968-04,D,0,3.85,4.27,3.34,3.32,5.5,3.5,4.63,0.87
1968-05,D,0,4.14,4.26,3.06,3.58,5.5,3.5,6.62,0.88
1968-06,D,3,4.12,4.52,2.49,3.58,5.5,3.7,7,0.88
1968-07,D,3,4.39,4.78,2.76,3.57,5.3,3.7,7.07,0.87
1968-08,H,3,4.38,4.48,2.75,3.56,5.3,3.5,5.45,0.87
1968-09,D,3,4.37,4.74,3.3,3.83,5.3,3.4,5.99,0.87
1968-10,D,3,4.64,5,3.02,3.54,5,3.4,5.38,0.87
1968-11,D,3,4.33,5.26,3.29,3.53,5,3.4,5.25,0.88
1968-12,D,3,4.6,4.96,3.01,2.98,5,3.4,4.49,0.88
1969-01,D,3,4.59,4.95,3,2.97,4.5,3.4,5.2,0.88
1969-02,D,3,4.57,5.19,2.72,2.96,4.5,3.4,5.48,0.88
1969-03,H,3,5.11,5.44,2.99,3.23,4.5,3.4,5.95,0.89
1969-04,D,3,5.38,5.95,2.97,2.95,3.1,3.4,5.44,0.88
1969-05,H,3,5.36,5.67,3.5,2.67,3.1,3.4,3.94,0.87
1969-06,D,3,5.33,5.64,3.75,2.93,3.1,3.5,4.55,0.88
1969-07,D,3,5.3,5.61,3.74,3.18,3,3.5,5.23,0.88
1969-08,D,3,5.29,5.85,3.73,3.17,3,3.5,5.18,0.88
1969-09,D,3,5.54,5.82,3.45,3.17,3,3.7,4.78,0.87
1969-10,D,3,5.51,5.79,3.97,3.42,2.1,3.7,4.61,0.87
1969-11,D,3,5.76,5.51,4.48,3.92,2.1,3.5,2.38,0.86
1969-12,D,1,5.73,5.75,4.74,4.43,2.1,3.5,1.79,0.86
1970-01,D,1,5.98,5.98,4.98,4.42,0.3,3.9,-0.68,0.84
1970-02,D,1,6.23,5.69,4.73,4.41,0.3,4.2,-1.38,0.83
1970-03,H,1,5.92,5.91,4.45,4.65,0.3,4.4,-2.29,0.83
1970-04,H,1,5.88,5.86,3.91,4.64,0.2,4.6,-2.18,0.83
1970-05,H,1,5.87,6.11,3.38,4.63,0.2,4.8,-1.92,0.82
1970-06,H,1,5.84,6.32,3.11,4.62,0.2,4.9,-3.22,0.82
1970-07,H,1,5.55,6.05,2.85,4.34,0.4,5,-3.5,0.82
1970-08,H,1,5.54,6.02,2.58,4.58,0.4,5.1,-3.91,0.81
1970-09,H,1,5.51,5.99,3.34,4.57,0.4,5.4,-4.57,0.8
1970-10,H,1,5.48,5.96,2.82,5.28,-0.2,5.5,-6.62,0.79
1970-11,U,1,5.45,6.42,2.54,5,-0.2,5.9,-6.28,0.78
1970-12,U,2,5.42,6.39,2.29,4.73,-0.2,6.1,-3.75,0.79
1971-01,U,2,5.14,6.12,2.03,4.96,2.7,5.9,-1.11,0.8
1971-02,U,2,4.62,5.86,2.78,4.95,2.7,5.9,-1.24,0.79
1971-03,U,2,4.34,5.1,2.77,4.69,2.7,6,-1.21,0.79
1971-04,U,2,4.07,4.83,3.02,4.67,3.1,5.9,-0.4,0.79
1971-05,U,2,4.31,5.06,3.52,4.66,3.1,5.9,0.23,0.8
1971-06,H,2,4.29,4.79,3.51,4.41,3.1,5.9,0.97,0.8
1971-07,H,2,4.28,4.77,3.02,4.64,3,6,0.43,0.79
1971-08,H,2,4.27,4.52,3.76,4.38,3,6.1,0.03,0.79
1971-09,H,2,4,4.03,2.74,3.89,3,6,2.33,0.8
1971-10,U,2,3.74,3.78,2.74,2.42,4.4,5.8,5.1,0.8
1971-11,U,2,3.47,3.29,2.48,1.93,4.4,6,6.13,0.8
1971-12,U,0,3.21,3.05,3.21,2.4,4.4,6,5.01,0.81
1972-01,U,0,3.21,3.27,2.72,2.39,3.5,5.8,6.62,0.83
1972-02,U,0,3.69,3.26,2.95,2.62,3.5,5.7,7.75,0.83
1972-03,U,0,3.44,3.26,2.7,2.62,3.5,5.8,8.58,0.84
1972-04,U,0,3.43,3.25,2.45,2.61,5.3,5.7,9.06,0.84
1972-05,U,3,3.17,3.01,2.44,2.6,5.3,5.7,8.5,0.84
1972-06,U,3,2.92,2.77,2.67,2.6,5.3,5.7,8.36,0.84
1972-07,U,3,2.91,2.76,3.41,2.36,5.4,5.6,8.63,0.84
1972-08,H,3,2.91,2.98,3.14,2.12,5.4,5.6,10.52,0.85
1972-09,H,3,3.14,2.98,3.62,2.59,5.4,5.5,9.66,0.85
1972-10,H,3,3.13,2.97,3.14,2.36,6.9,5.6,10.26,0.86
1972-11,H,3,3.36,2.74,3.61,2.6,6.9,5.3,10.99,0.87
1972-12,H,3,3.35,2.96,3.82,2.12,6.9,5.2,10.99,0.88
1973-01,U,3,3.58,2.5,4.76,1.64,7.6,4.9,9.26,0.88
1973-02,U,3,3.79,2.72,5.19,1.86,7.6,5,9.81,0.89
1973-03,B,3,4.72,3.16,7.24,2.32,7.6,4.9,9.12,0.89
1973-04,B,3,5.17,2.92,7.91,2.54,6.3,5,7.94,0.88
1973-05,B,3,5.38,3.14,8.1,2.99,6.3,4.9,8.63,0.88
1973-06,B,3,5.82,3.13,8.72,3.22,6.3,4.9,8.41,0.88
1973-07,D,3,5.58,3.13,8.26,3.21,4.8,4.8,8.86,0.88
1973-08,D,3,7.14,3.11,11.25,3.44,4.8,4.8,7.39,0.88
1973-09,B,3,7.1,3.77,10.56,3.65,4.8,4.8,7.53,0.88
1973-10,B,3,7.75,4.19,10.82,4.34,4,4.6,6.84,0.89
1973-11,B,1,7.93,4.62,10.96,4.56,4,4.8,6.21,0.89
1973-12,B,1,8.56,4.6,10.86,5.21,4,4.9,4.83,0.88
1974-01,B,1,9.17,5.03,12.65,6.31,0.7,5.1,3.48,0.87
1974-02,B,1,9.53,5.22,13.32,6.48,0.7,5.2,1.69,0.87
1974-03,B,1,9.66,5.62,12.28,7.08,0.7,5.1,1.68,0.87
1974-04,B,1,9.59,6.02,12.6,7.9,-0.2,5.1,1.52,0.86
1974-05,B,1,10.17,6.83,13.1,9.92,-0.2,5.1,1.63,0.87
1974-06,B,1,10.31,7.63,12,11.73,-0.2,5.4,1.45,0.86
1974-07,B,1,10.92,8.43,14.91,13.49,-0.6,5.5,1.07,0.86
1974-08,B,1,10.34,9.39,13.33,15.99,-0.6,5.5,0.26,0.85
1974-09,B,1,11.29,9.73,14.65,17.44,-0.6,5.9,-0.58,0.85
1974-10,B,1,11.19,10.06,16.69,19.27,-1.9,6,-1.63,0.85
1974-11,U,1,11.51,10.41,17.81,20.29,-1.9,6.6,-5.5,0.82
1974-12,U,1,11.42,10.75,16.96,20.31,-1.9,7.2,-8.85,0.79
1975-01,U,1,11.11,10.9,15,20.46,-2.3,8.1,-9.54,0.77
1975-02,U,1,10.62,11.21,13,20.48,-2.3,8.1,-11.58,0.76
1975-03,U,1,9.95,10.75,12,20.07,-2.3,8.6,-12.67,0.75
1975-04,U,2,9.7,10.68,11.89,19.32,-1.8,8.8,-12.25,0.75
1975-05,U,2,8.86,9.81,11.24,17.13,-1.8,9,-13.25,0.74
1975-06,U,2,8.79,9.35,12.1,15.44,-1.8,8.8,-12.48,0.75
1975-07,U,2,9.11,8.7,10.27,14.14,0.8,8.6,-11.58,0.75
1975-08,U,2,8.27,7.67,9.24,11.59,0.8,8.4,-9.53,0.76
1975-09,U,2,7.61,7.23,8.81,10.37,0.8,8.4,-8.36,0.77
1975-10,U,2,7.37,6.8,7.82,8.99,2.6,8.4,-7.54,0.77
1975-11,U,2,7.12,6.74,6.19,8.2,2.6,8.3,-3.97,0.77
1975-12,U,2,6.89,6.51,6.35,7.8,2.6,8.2,0.86,0.78
1976-01,U,2,6.48,6.66,5.66,7.21,6.2,7.9,3.69,0.79
1976-02,U,2,6.08,6.24,5.67,6.82,6.2,7.7,7,0.79
1976-03,U,2,5.88,6.39,5.83,6.6,6.2,7.6,8.2,0.79
1976-04,U,0,5.68,6.18,5.45,6.4,6.1,7.7,8.66,0.79
1976-05,U,0,6.03,6.34,5.09,6.2,6.1,7.4,9.34,0.8
1976-06,U,0,5.81,6.13,4.39,6.35,6.1,7.6,8.71,0.79
1976-07,U,0,5.41,6.45,3.86,6.14,5,7.8,8.34,0.8
1976-08,U,0,5.56,6.6,3.34,6.61,5,7.8,7.97,0.8
1976-09,U,0,5.35,6.57,2.99,6.57,5,7.6,7.03,0.8
1976-10,U,0,5.32,6.53,2.64,6.21,4.3,7.7,6.64,0.8
1976-11,U,0,4.94,6.15,3.12,6.01,4.3,7.8,7.86,0.81
1976-12,U,0,4.91,5.95,3.76,6.45,4.3,7.8,7.65,0.82
1977-01,U,0,5.07,5.9,4.08,5.79,3.2,7.5,5.67,0.81
1977-02,U,0,5.9,6.04,5.36,5.76,3.2,7.6,6.2,0.82
1977-03,U,0,6.23,6.01,5.98,5.72,3.2,7.4,7.35,0.83
1977-04,U,0,6.72,6.16,5.96,5.86,4.5,7.2,7.67,0.83
1977-05,U,0,6.52,6.12,6.41,6,4.5,7,8.1,0.84
1977-06,U,0,6.49,6.43,6.56,6.12,4.5,7.2,8.79,0.84
1977-07,U,0,6.45,6.06,6.54,6.09,5.8,6.9,8.39,0.84
1977-08,U,0,6.42,6.03,6.82,6.35,5.8,7,7.7,0.84
1977-09,U,0,6.23,6,6.95,6.31,5.8,6.8,7.89,0.84
1977-10,U,0,6.19,5.81,7.07,6.89,5,6.8,8.05,0.84
1977-11,U,0,6.5,5.95,7.02,7.15,5,6.8,6.7,0.84
1977-12,U,0,6.46,6.25,6.66,6.94,5,6.4,5.82,0.84
1978-01,U,0,6.59,6.21,6.95,7.23,4.1,6.4,4.97,0.82
1978-02,U,0,6.05,6.01,6.58,7.2,4.1,6.3,3.97,0.83
1978-03,U,0,6.18,6.14,6.24,7.3,4.1,6.3,4.57,0.84
1978-04,U,0,6.3,6.42,6.94,7.27,6.1,6.1,5.75,0.85
1978-05,U,0,6.9,6.55,7.04,7.66,6.1,6,5.23,0.85
1978-06,U,0,7.17,6.66,7.6,7.76,6.1,5.9,5.2,0.86
1978-07,U,3,7.45,6.94,8.15,8,5.3,6.2,5,0.86
1978-08,F,3,7.56,7.21,7.67,7.8,5.3,5.9,5.35,0.86
1978-09,B,3,8.14,7.63,8.2,8.03,5.3,6,5.13,0.86
1978-10,B,3,8.55,8.05,8.02,7.41,6.7,5.8,5.74,0.86
1978-11,D,3,8.5,8.16,8.1,7.63,6.7,5.9,6.39,0.87
1978-12,D,3,8.61,8.11,8.75,7.58,6.7,6,6.8,0.87
1979-01,D,3,8.85,8.21,9.53,7.96,6.5,5.9,7.53,0.86
1979-02,D,3,9.39,8.75,9.73,8.46,6.5,5.9,7.57,0.86
1979-03,D,3,9.76,8.99,10.09,8.4,6.5,5.8,6.01,0.86
1979-04,D,3,9.97,8.92,9.98,8.89,2.7,5.8,2.84,0.85
1979-05,D,3,10.16,9.01,9.78,8.56,2.7,5.6,3.24,0.86
1979-06,D,3,10.51,8.94,9.44,8.5,2.7,5.7,2.55,0.85
1979-07,D,3,10.84,9.17,9.62,8.44,2.4,5.7,2.45,0.85
1979-08,D,3,11.19,9.52,10.51,7.75,2.4,6,1.41,0.84
1979-09,D,3,11.23,9.44,11.17,8.07,2.4,5.9,1.26,0.84
1979-10,D,3,11.4,9.64,11.87,8.43,1.3,6,0.98,0.84
1979-11,D,3,11.86,10.12,12.27,8.22,1.3,5.9,0.13,0.84
1979-12,D,3,12.45,10.73,12.14,8.54,1.3,6,-0.33,0.84
1980-01,D,1,12.99,11.31,12.36,9.23,1.4,6.3,0.79,0.84
1980-02,D,1,13.24,11.33,12.85,9.02,1.4,6.3,0.3,0.84
1980-03,D,1,13.62,11.87,13.1,9.33,1.4,6.3,-0.35,0.84
1980-04,D,1,13.62,12.3,12.86,9.96,-0.7,6.9,-1.32,0.82
1980-05,U,1,13.48,12.34,12.79,9.67,-0.7,7.5,-4.52,0.8
1980-06,U,1,13.34,12.76,13.08,9.61,-0.7,7.6,-5.74,0.79
1980-07,U,1,12.36,11.67,13.63,10.25,-1.6,7.8,-6.41,0.78
1980-08,U,3,12.12,11.18,13.72,11.18,-1.6,7.7,-5.35,0.78
1980-09,H,3,12.02,11.34,12.52,10.6,-1.6,7.5,-3.84,0.79
1980-10,D,3,11.9,11.48,12.16,11.44,0,7.5,-3.14,0.8
1980-11,D,3,11.9,11.48,11.59,11.25,0,7.5,-1.31,0.81
1980-12,D,3,11.65,11.47,11.05,10.7,0,7.2,-0.82,0.81
1981-01,D,3,11.15,10.74,10.68,10.56,1.7,7.5,-1.87,0.81
1981-02,D,3,10.79,10.29,10.11,10.82,1.7,7.4,-2.38,0.8
1981-03,D,3,10.09,9.46,10.22,10.61,1.7,7.4,-1.5,0.8
1981-04,D,3,9.65,9.02,10.45,9.81,3,7.2,0.12,0.8
1981-05,D,3,9.34,9.18,10.3,10.32,3,7.5,3.14,0.8
1981-06,D,3,9.26,8.97,10.02,10.37,3,7.5,4.85,0.8
1981-07,D,1,10.23,10.56,8.64,9.72,4.4,7.2,6.26,0.81
1981-08,D,1,10.27,10.94,7.62,9.22,4.4,7.4,5.86,0.8
1981-09,D,1,10.4,11.17,7.59,9.38,4.4,7.6,3.65,0.8
1981-10,H,1,9.78,10.4,7.22,8.73,1.3,7.9,1.69,0.79
1981-11,U,1,9.15,9.76,6.87,8.79,1.3,8.3,-1.18,0.78
1981-12,U,1,8.54,9.11,6.84,8.95,1.3,8.5,-2.86,0.77
1982-01,H,1,7.93,8.85,6.37,8.24,-2.4,8.6,-4.3,0.75
1982-02,D,1,7.34,8.8,5.41,6.85,-2.4,8.9,-1.86,0.76
1982-03,H,1,6.66,8.32,4.24,6.6,-2.4,9,-3.15,0.76
1982-04,H,1,6.41,8.48,3.39,6.14,-1.2,9.3,-3.6,0.75
1982-05,H,1,6.68,8.3,3.08,5.9,-1.2,9.4,-4.79,0.74
1982-06,H,1,6.94,8.13,3.36,5.76,-1.2,9.6,-5.57,0.74
1982-07,H,1,6.35,7.4,3.56,5.43,-2.6,9.8,-6.51,0.74
1982-08,U,1,5.79,6.82,3.85,5.41,-2.6,9.8,-7.36,0.73
1982-09,H,1,4.82,5.72,3.54,4.97,-2.6,10.1,-7.06,0.73
1982-10,U,1,4.91,5.7,3.42,4.24,-1.4,10.4,-7.24,0.72
1982-11,U,1,4.38,5.06,3.51,3.82,-1.4,10.8,-6.49,0.71
1982-12,U,2,3.75,4.42,3.5,3.8,-1.4,10.8,-6.12,0.71
1983-01,U,2,3.64,4.51,2.1,3.19,1.6,10.4,-2.19,0.72
1983-02,U,2,3.43,4.38,2.3,3.89,1.6,10.4,-4.79,0.72
1983-03,U,2,3.53,4.48,2.2,3.48,1.6,10.3,-3.23,0.72
1983-04,U,2,3.92,4.04,2.1,3.28,3.3,10.2,-1.16,0.73
1983-05,U,2,3.38,3.6,2.4,2.97,3.3,10.1,0.16,0.74
1983-06,U,2,2.44,3.17,1.79,2.57,3.3,10.1,1.06,0.74
1983-07,U,2,2.33,3.16,1.39,2.46,5.8,9.4,2.89,0.75
1983-08,U,2,2.43,3.04,1.28,2.36,5.8,9.5,4.84,0.76
1983-09,U,2,2.73,3.34,1.48,2.25,5.8,9.2,6.62,0.77
1983-10,U,2,2.72,3.53,1.18,2.25,7.8,8.8,8.37,0.78
1983-11,U,2,3.11,4.23,0.59,2.15,7.8,8.5,9.1,0.78
1983-12,U,0,3.72,4.62,0.49,1.85,7.8,8.3,10.36,0.78
1984-01,U,0,4.2,4.9,1.96,2.23,8.6,8,10.41,0.8
1984-02,U,0,4.59,4.78,2.25,2.32,8.6,7.8,11.5,0.8
1984-03,U,0,4.78,4.97,2.73,2.32,8.6,7.8,11.17,0.8
1984-04,U,0,4.45,5.04,2.73,2.89,8,7.7,10.62,0.81
1984-05,U,0,4.24,5.12,2.34,2.5,8,7.4,10.39,0.81
1984-06,U,0,4.24,5.2,2.14,2.5,8,7.2,10.15,0.81
1984-07,U,0,4.22,5.08,2.33,2.59,7,7.5,8.96,0.81
1984-08,U,0,4.21,5.16,1.85,2.4,7,7.5,7.97,0.81
1984-09,H,0,4.19,5.14,1.55,2.49,7,7.3,6.3,0.81
1984-10,U,0,4.18,5.02,1.36,2.11,5.6,7.4,5.31,0.8
1984-11,U,0,4.07,4.71,1.94,2.2,5.6,7.2,5.35,0.8
1984-12,U,0,3.96,4.79,1.65,1.72,5.6,7.3,4.94,0.8
1985-01,U,0,3.47,4.39,0.97,2.09,4.6,7.3,2.8,0.8
1985-02,U,0,3.54,4.66,0.67,2.27,4.6,7.2,2.7,0.8
1985-03,U,0,3.72,4.64,0.29,2.36,4.6,7.2,2.37,0.8
1985-04,U,0,3.52,4.43,0.67,1.69,3.7,7.3,1.47,0.8
1985-05,U,0,3.51,4.42,1.05,2.16,3.7,7.2,1.15,0.79
1985-06,U,0,3.6,4.31,0.77,2.26,3.7,7.4,0.86,0.79
1985-07,U,0,3.4,4.11,0.67,2.06,4.3,7.4,-0.13,0.79
1985-08,U,0,3.3,4.09,0.67,2.15,4.3,7.1,0.2,0.79
1985-09,U,0,3.2,3.89,0,1.22,4.3,7.1,0.81,0.79
1985-10,U,0,3.18,3.97,1.25,2.52,4.3,7.1,0.55,0.79
1985-11,U,0,3.45,4.32,1.43,2.52,4.3,7,0.51,0.79
1985-12,U,0,3.72,4.22,1.9,2.8,4.3,7,1.43,0.79
1986-01,U,0,3.9,4.38,1.43,2.14,4.2,6.7,2.06,0.8
1986-02,U,0,3.15,4.09,0,1.67,4.2,7.2,1.03,0.79
1986-03,U,0,2.13,3.99,-1.26,1.67,4.2,7.2,0.18,0.78
1986-04,U,0,1.58,4.07,-2.22,1.94,3.7,7.1,0.55,0.78
1986-05,U,0,1.67,3.88,-2.02,1.75,3.7,7.2,0.59,0.78
1986-06,U,0,1.75,3.87,-1.44,1.84,3.7,7.2,0.19,0.78
1986-07,U,0,1.66,3.94,-2.32,1.84,3.2,7,1.38,0.78
1986-08,U,0,1.56,3.93,-1.74,1.75,3.2,6.9,0.86,0.78
1986-09,U,0,1.74,4.1,-0.87,2.31,3.2,7,0.63,0.78
1986-10,U,0,1.55,3.99,-1.34,2.1,2.9,7,1.49,0.79
1986-11,U,0,1.28,3.71,-2.01,2.1,2.9,6.9,1.63,0.79
1986-12,U,0,1.18,3.7,-2.29,2.1,2.9,6.6,1.42,0.79
1987-01,U,0,1.36,3.51,-1.34,2.46,2.7,6.6,0.66,0.79
1987-02,U,0,1.9,3.5,0.29,2.18,2.7,6.6,2.6,0.8
1987-03,U,0,2.8,3.58,1.64,2,2.7,6.6,3.46,0.8
1987-04,U,0,3.61,3.82,2.7,2.17,3.4,6.3,4,0.8
1987-05,U,0,3.6,3.99,2.31,2.08,3.4,6.3,4.45,0.81
1987-06,U,0,3.68,3.89,2.3,1.72,3.4,6.2,5.25,0.81
1987-07,U,0,3.85,3.88,3.27,1.81,3.3,6.1,5.39,0.81
1987-08,U,0,4.2,3.86,3.07,1.98,3.3,6,6.33,0.82
1987-09,U,0,4.18,3.94,3.16,2.07,3.3,5.9,6.4,0.82
1987-10,U,0,4.26,4.09,2.39,1.26,4.4,6,7.38,0.83
1987-11,U,0,4.43,4.08,2.48,1.17,4.4,5.8,7.45,0.83
1987-12,U,0,4.24,4.07,2.1,1.17,4.4,5.7,7.1,0.84
1988-01,U,0,4.05,4.22,2.19,1.34,4.3,5.7,7.46,0.83
1988-02,U,0,3.86,4.21,1.8,1.7,4.3,5.7,6.61,0.84
1988-03,U,0,3.76,4.28,1.99,1.87,4.3,5.7,6.7,0.84
1988-04,U,0,3.92,4.17,1.79,1.69,4.5,5.4,6.61,0.84
1988-05,U,0,3.91,4.16,1.88,1.95,4.5,5.6,5.87,0.84
1988-06,U,0,3.89,4.4,1.88,2.22,4.5,5.4,5.66,0.84
1988-07,U,0,4.05,4.38,2.52,2.39,4.2,5.4,5.04,0.84
1988-08,U,0,4.03,4.37,2.7,2.56,4.2,5.6,4.63,0.85
1988-09,U,0,4.1,4.51,2.6,2.82,4.2,5.4,4.07,0.84
1988-10,U,0,4.17,4.41,2.97,3.08,3.8,5.4,3.14,0.85
1988-11,U,0,4.16,4.48,3.34,3.16,3.8,5.3,2.75,0.85
1988-12,H,0,4.32,4.55,3.89,3.42,3.8,5.3,2.74,0.85
1989-01,H,3,4.39,4.53,4.32,3.57,4.3,5.4,3,0.85
1989-02,H,3,4.54,4.6,5.13,3.73,4.3,5.2,2.11,0.85
1989-03,H,3,4.78,4.58,5.21,3.73,4.3,5,2.06,0.85
1989-04,H,3,4.91,4.4,5.54,3.55,3.7,5.2,1.63,0.85
1989-05,F,3,5.14,4.46,6.15,3.88,3.7,5.2,1.02,0.84
1989-06,F,3,5.04,4.45,5.87,4.21,3.7,5.3,0.8,0.84
1989-07,B,3,4.94,4.43,4.86,3.86,3.9,5.2,-0.14,0.83
1989-08,F,3,4.52,4.34,4.14,3.76,3.9,5.2,0.33,0.84
1989-09,F,3,4.34,4.09,4.49,3.83,3.9,5.3,0.26,0.83
1989-10,F,3,4.49,4.22,4.83,3.82,2.8,5.3,-0.3,0.83
1989-11,F,3,4.55,4.29,4.64,3.98,2.8,5.4,-0.11,0.83
1989-12,B,3,4.54,4.35,4.88,3.8,2.8,5.4,0.03,0.83
1990-01,U,3,5.07,4.33,5.77,3.45,2.9,5.4,-0.96,0.82
1990-02,U,3,5.13,4.47,4.97,3.44,2.9,5.3,0.5,0.83
1990-03,H,3,5.1,4.68,4.53,3.59,2.9,5.2,0.8,0.83
1990-04,H,3,4.6,4.74,3.73,3.76,2.5,5.4,0.57,0.83
1990-05,U,3,4.27,4.64,3.02,3.16,2.5,5.4,1.46,0.83
1990-06,U,3,4.57,4.78,3.11,2.98,2.5,5.2,1.75,0.83
1990-07,U,1,4.71,4.98,3.54,3.31,1.7,5.5,2.52,0.83
1990-08,U,1,5.55,5.34,4.99,3.3,1.7,5.7,1.94,0.83
1990-09,U,1,5.99,5.39,5.71,3.37,1.7,5.9,2.44,0.83
1990-10,U,1,6.18,5.22,6.18,3.36,0.6,5.9,1.73,0.82
1990-11,U,1,6.01,5.13,6.57,3.35,0.6,6.2,0.22,0.81
1990-12,U,1,6.07,5.18,5.48,3.42,0.6,6.3,-1.06,0.8
1991-01,U,1,5.49,5.45,4.08,3.73,-0.9,6.4,-0.82,0.8
1991-02,U,1,5.18,5.5,3.51,3.56,-0.9,6.6,-2.51,0.79
1991-03,U,1,4.71,5.11,3.18,3.39,-0.9,6.8,-3.55,0.79
1991-04,U,2,4.7,5.02,3.27,3.22,-0.5,6.7,-3.21,0.79
1991-05,U,2,4.91,5.01,3.43,3.54,-0.5,6.9,-2.4,0.8
1991-06,U,2,4.59,4.84,3.18,3.29,-0.5,6.9,-1.83,0.8
1991-07,U,2,4.28,4.68,2.68,3.05,-0.1,6.8,-1.63,0.8
1991-08,U,2,3.73,4.51,1.75,2.8,-0.1,6.9,-1.86,0.8
1991-09,U,2,3.34,4.49,0.66,2.71,-0.1,6.9,-1.12,0.81
1991-10,U,2,2.81,4.34,0,2.78,1.2,7,-0.53,0.81
1991-11,U,2,3.02,4.39,-0.16,2.62,1.2,7,0.53,0.8
1991-12,U,2,2.94,4.31,0.25,2.53,1.2,7.3,0.78,0.8
1992-01,U,2,2.64,3.94,-0.49,2.05,2.9,7.3,0.65,0.79
1992-02,U,2,2.78,3.64,0.41,1.97,2.9,7.4,2.02,0.8
1992-03,U,2,3.14,3.77,0.9,2.04,2.9,7.4,3.44,0.8
1992-04,U,0,3.13,3.76,0.98,2.27,3.2,7.4,3.94,0.81
1992-05,U,0,2.98,3.82,1.06,1.96,3.2,7.6,3.3,0.81
1992-06,U,0,2.97,3.67,1.63,1.88,3.2,7.8,2.41,0.81
1992-07,U,0,3.11,3.66,1.8,1.88,3.7,7.7,3.21,0.81
1992-08,U,0,3.03,3.44,1.72,2.03,3.7,7.6,2.64,0.81
1992-09,U,0,2.95,3.22,1.79,1.71,3.7,7.6,2,0.81
1992-10,U,0,3.23,3.49,1.87,1.63,4.3,7.3,2.91,0.81
1992-11,U,0,3.07,3.41,1.38,1.63,4.3,7.4,3.47,0.81
1992-12,U,0,2.92,3.33,1.54,1.63,4.3,7.4,3.96,0.81
1993-01,U,0,3.2,3.39,1.95,1.7,3.3,7.3,4.96,0.81
1993-02,U,0,3.2,3.51,1.94,1.85,3.3,7.1,4.7,0.82
1993-03,U,0,2.97,3.3,2.1,1.77,3.3,7,3.72,0.81
1993-04,U,0,3.11,3.43,2.58,1.61,2.8,7.1,3.29,0.82
1993-05,U,0,3.17,3.35,2.25,1.69,2.8,7.1,2.64,0.81
1993-06,U,0,2.95,3.34,1.45,1.61,2.8,7,2.8,0.81
1993-07,U,0,2.81,3.13,1.45,1.84,2.3,6.9,2.21,0.81
1993-08,U,0,2.8,3.26,0.4,1.69,2.3,6.8,2.6,0.81
1993-09,U,0,2.73,3.19,0.32,1.76,2.3,6.7,2.83,0.81
1993-10,U,0,2.72,3.04,0,1.61,2.6,6.8,2.86,0.82
1993-11,U,0,2.71,3.1,0.24,1.76,2.6,6.6,2.84,0.82
1993-12,U,0,2.77,3.09,0.16,1.75,2.6,6.5,3.28,0.82
1994-01,U,0,2.42,2.89,0.32,1.9,3.4,6.6,3.23,0.82
1994-02,U,0,2.48,2.75,0.24,1.82,3.4,6.6,2.82,0.82
1994-03,U,0,2.62,2.94,0.08,1.82,3.4,6.5,3.96,0.83
1994-04,U,0,2.34,2.67,-0.48,1.96,4.2,6.4,4.18,0.83
1994-05,U,0,2.26,2.67,-0.48,2.19,4.2,6.1,5.04,0.83
1994-06,U,0,2.46,2.79,0,2.41,4.2,6.1,5.49,0.84
1994-07,U,0,2.66,2.85,0.48,2.18,4.3,6.1,5.36,0.84
1994-08,U,0,2.86,2.78,1.84,2.25,4.3,6,6.03,0.84
1994-09,U,0,2.92,2.96,1.44,2.4,4.3,5.9,5.91,0.84
1994-10,U,0,2.58,2.83,1.04,1.95,4.1,5.8,6.02,0.84
1994-11,U,0,2.57,2.76,1.36,1.72,4.1,5.6,6.22,0.84
1994-12,U,0,2.56,2.56,1.75,1.87,4.1,5.5,6.71,0.85
1995-01,U,0,2.83,2.87,1.67,2.01,3.5,5.6,6.51,0.85
1995-02,U,0,2.82,2.93,1.74,2.01,3.5,5.4,6.37,0.85
1995-03,U,0,2.75,2.92,1.82,1.93,3.5,5.4,5.48,0.84
1995-04,U,0,3.08,3.1,2.06,1.85,2.4,5.8,4.95,0.84
1995-05,U,0,3.07,3.03,2.14,1.77,2.4,5.6,4.69,0.84
1995-06,U,0,3,2.96,2.06,1.7,2.4,5.6,4.39,0.84
1995-07,U,0,2.79,2.96,1.81,1.84,2.7,5.7,3.84,0.83
1995-08,U,0,2.58,2.95,1.34,1.77,2.7,5.7,4.52,0.84
1995-09,U,0,2.51,2.94,1.73,1.4,2.7,5.6,4.56,0.84
1995-10,U,0,2.71,3.06,2.28,2.35,2.3,5.5,3.6,0.84
1995-11,U,0,2.57,2.99,2.04,2.57,2.3,5.6,3.22,0.83
1995-12,U,0,2.5,2.99,2.11,2.27,2.3,5.6,2.6,0.83
1996-01,U,0,2.75,2.91,2.18,1.75,2.6,5.6,1.77,0.83
1996-02,U,0,2.68,2.84,1.95,1.68,2.6,5.5,3.44,0.83
1996-03,U,0,2.8,2.78,2.4,1.61,2.6,5.5,3.2,0.83
1996-04,U,0,2.79,2.58,2.47,1.46,4,5.6,4.11,0.83
1996-05,U,0,2.79,2.64,2.4,1.31,4,5.6,4.57,0.84
1996-06,U,0,2.78,2.63,2.7,1.31,4,5.3,5.06,0.84
1996-07,U,0,2.84,2.63,2.47,1.09,4.1,5.5,5.27,0.83
1996-08,U,0,2.77,2.56,2.85,1.16,4.1,5.1,4.61,0.83
1996-09,U,0,2.96,2.62,2.77,1.16,4.1,5.2,4.89,0.84
1996-10,U,0,3.02,2.49,3.07,0.65,4.5,5.2,4.91,0.83
1996-11,U,0,3.2,2.54,2.91,0.22,4.5,5.4,5.53,0.83
1996-12,U,0,3.32,2.6,2.75,0.29,4.5,5.4,5.76,0.84
1997-01,U,0,2.99,2.47,2.51,0.51,4.6,5.3,6.54,0.83
1997-02,U,0,2.99,2.47,2.29,0.36,4.6,5.2,6.19,0.84
1997-03,U,0,2.73,2.4,1.6,0.36,4.6,5.2,6.99,0.84
1997-04,U,0,2.41,2.58,0.69,0.22,4.3,5.1,6.17,0.84
1997-05,U,0,2.21,2.51,0.46,-0.07,4.3,4.9,6.01,0.84
1997-06,U,0,2.21,2.39,0,-0.07,4.3,5,5.68,0.84
1997-07,U,0,2.14,2.39,-0.23,-0.14,4.7,4.9,6.6,0.84
1997-08,U,0,2.26,2.26,-0.15,-0.29,4.7,4.8,7.08,0.84
1997-09,U,0,2.2,2.2,-0.08,-0.14,4.7,4.9,7.3,0.84
1997-10,U,0,2.06,2.25,-0.38,-0.36,4.4,4.7,8.22,0.85
1997-11,U,0,1.87,2.13,-0.68,-0.36,4.4,4.6,8.24,0.85
1997-12,U,0,1.68,2.24,-1.14,-0.51,4.4,4.7,7.91,0.85
1998-01,U,0,1.62,2.24,-1.74,-0.72,4.6,4.6,8.3,0.84
1998-02,U,0,1.43,2.24,-1.6,-0.65,4.6,4.6,7.2,0.84
1998-03,U,0,1.37,2.23,-1.6,-0.58,4.6,4.7,6.59,0.83
1998-04,U,0,1.43,2.11,-0.84,-0.65,4.1,4.3,6.87,0.83
1998-05,U,0,1.67,2.16,-0.76,-0.58,4.1,4.4,6.92,0.83
1998-06,U,0,1.61,2.22,-0.69,-0.65,4.1,4.5,5.78,0.82
1998-07,U,0,1.73,2.21,-0.15,-0.51,4.1,4.5,4.67,0.81
1998-08,U,0,1.6,2.44,-0.76,-0.65,4.1,4.5,5.64,0.83
1998-09,B,0,1.42,2.32,-0.92,-0.51,4.1,4.6,4.57,0.82
1998-10,U,0,1.48,2.2,-0.76,-0.29,5,4.5,4.52,0.82
1998-11,U,0,1.47,2.31,-0.61,-0.07,5,4.4,3.59,0.82
1998-12,U,0,1.59,2.42,-0.08,-0.15,5,4.4,3.66,0.82
1999-01,U,0,1.65,2.3,0.76,-0.07,4.8,4.3,3.62,0.82
1999-02,U,0,1.65,2.13,0.46,0,4.8,4.4,4.03,0.82
1999-03,U,0,1.71,2.01,0.76,-0.15,4.8,4.2,4.12,0.82
1999-04,U,0,2.26,2.18,1.07,0.07,4.6,4.3,4.03,0.82
1999-05,U,0,2.07,2.06,1.37,0.22,4.6,4.2,4.13,0.82
1999-06,U,0,1.95,1.94,1.52,0.07,4.6,4.3,4.61,0.81
1999-07,U,0,2.12,2.05,1.52,-0.07,4.6,4.3,5.59,0.82
1999-08,U,0,2.24,1.88,2.35,0.07,4.6,4.2,3.97,0.82
1999-09,U,3,2.6,2.05,3.1,-0.07,4.6,4.2,3.76,0.81
1999-10,U,3,2.53,2.1,2.64,0.15,4.7,4.1,4.27,0.82
1999-11,U,3,2.59,2.04,3.09,0.15,4.7,4.1,4.79,0.82
1999-12,U,3,2.64,1.86,2.93,0.36,4.7,4,5.17,0.82
2000-01,U,3,2.75,2.09,2.62,0.44,4.2,4,4.72,0.82
2000-02,H,3,3.17,2.14,4.03,0.43,4.2,4.1,4.48,0.82
2000-03,H,3,3.69,2.42,4.32,0.58,4.2,4,4.72,0.82
2000-04,H,3,2.97,2.24,3.57,0.58,5.3,3.8,5.18,0.82
2000-05,H,3,3.08,2.35,3.49,0.8,5.3,4,4.62,0.82
2000-06,H,3,3.67,2.52,4.22,0.94,5.3,4,4.86,0.82
2000-07,H,3,3.54,2.45,4.06,1.16,4.1,4,4.11,0.82
2000-08,D,3,3.3,2.56,3.24,1.16,4.1,4.1,3.37,0.81
2000-09,D,3,3.4,2.5,3.29,1.37,4.1,3.9,4.16,0.81
2000-10,B,3,3.39,2.5,3.72,0.94,2.9,3.9,2.57,0.81
2000-11,B,3,3.39,2.6,3.85,1.08,2.9,3.9,2.12,0.8
2000-12,B,3,3.38,2.54,3.85,1.08,2.9,3.9,1.09,0.8
2001-01,B,3,3.65,2.53,4.7,1.15,2.3,4.2,0.39,0.79
2001-02,U,3,3.47,2.75,3.81,0.72,2.3,4.2,-0.51,0.78
2001-03,U,1,2.94,2.58,2.8,0.86,2.3,4.3,-1.15,0.78
2001-04,U,1,3.17,2.63,3.66,0.93,0.9,4.4,-2.12,0.78
2001-05,U,1,3.5,2.51,3.8,0.65,0.9,4.3,-2.97,0.77
2001-06,U,1,3.14,2.67,2.64,0.72,0.9,4.5,-3.66,0.76
2001-07,U,1,2.69,2.66,1.37,0.86,0.5,4.6,-4.1,0.76
2001-08,U,1,2.69,2.6,2.01,0.79,0.5,4.9,-3.96,0.75
2001-09,U,1,2.56,2.6,1.64,0.64,0.5,5,-4.71,0.75
2001-10,U,1,2.11,2.59,-0.36,0.14,0.2,5.3,-4.86,0.74
2001-11,U,1,1.88,2.69,-1.22,0,0.2,5.5,-5.4,0.74
2001-12,U,2,1.59,2.74,-1.8,0.07,0.2,5.7,-5.07,0.74
2002-01,U,2,1.19,2.58,-2.86,-0.29,1.4,5.7,-3.82,0.74
2002-02,U,2,1.13,2.52,-2.79,0.14,1.4,5.7,-3.18,0.74
2002-03,U,2,1.35,2.41,-1.71,-0.14,1.4,5.7,-2.16,0.74
2002-04,U,2,1.63,2.45,-2.35,-0.36,1.4,5.9,-1.49,0.75
2002-05,U,2,1.23,2.5,-2.78,-0.36,1.4,5.8,-0.41,0.75
2002-06,U,2,1.06,2.23,-2.14,-0.36,1.4,5.8,1.15,0.76
2002-07,U,2,1.45,2.18,-1.08,-1,2.3,5.8,1.48,0.75
2002-08,U,2,1.73,2.33,-1.43,-1,2.3,5.7,1.69,0.75
2002-09,U,2,1.5,2.22,-1.5,-0.86,2.3,5.7,2.19,0.76
2002-10,U,2,2.01,2.16,0.72,-0.07,2,5.7,2.28,0.75
2002-11,U,2,2.23,2,1.08,-0.29,2,5.9,3.31,0.76
2002-12,U,0,2.45,1.94,1.22,-0.57,2,6,2.77,0.75
2003-01,U,0,2.72,1.94,2.44,-0.29,1.6,5.8,2.77,0.76
2003-02,U,0,3.1,1.78,3.35,-0.36,1.6,5.9,3.05,0.76
2003-03,U,0,2.98,1.73,3.68,0.29,1.6,5.9,2.04,0.76
2003-04,U,0,2.15,1.47,2.49,-0.14,2,6,0.9,0.75
2003-05,U,0,1.88,1.51,2.5,0,2,6.1,0.51,0.75
2003-06,U,0,1.93,1.46,2.77,0,2,6.3,-0.28,0.76
2003-07,U,0,2.03,1.51,2.99,0.43,3.2,6.2,0.37,0.76
2003-08,U,0,2.19,1.3,3.54,0.72,3.2,6.1,0.16,0.76
2003-09,U,0,2.35,1.25,3.39,0.43,3.2,6.1,0.64,0.76
2003-10,U,0,2.02,1.3,3.37,0.57,4.4,6,1.12,0.76
2003-11,U,0,1.91,1.09,3.23,0.72,4.4,5.8,1.42,0.77
2003-12,U,0,2.01,1.09,3.79,0.79,4.4,5.7,1.83,0.77
2004-01,U,0,2.01,1.14,3.35,0.86,4.4,5.7,1.46,0.77
2004-02,U,0,1.67,1.24,2.15,0.65,4.4,5.6,1.75,0.78
2004-03,U,0,1.73,1.55,1.52,0.43,4.4,5.8,1.5,0.77
2004-04,U,0,2.27,1.75,3.46,1.07,4.2,5.6,2.64,0.78
2004-05,U,0,2.86,1.7,4.48,1.28,4.2,5.6,3.45,0.78
2004-06,U,0,3.12,1.85,3.92,1.64,4.2,5.6,2.45,0.78
2004-07,U,0,2.9,1.74,3.71,1.42,3.4,5.5,2.81,0.78
2004-08,U,0,2.52,1.69,3.35,1.56,3.4,5.4,3.07,0.78
2004-09,U,0,2.51,1.94,3.28,1.77,3.4,5.4,2.52,0.78
2004-10,U,0,3.14,1.99,4.32,1.84,3.1,5.5,3.34,0.79
2004-11,U,0,3.56,2.19,5.06,1.98,3.1,5.4,2.7,0.79
2004-12,U,0,3.29,2.24,4.25,2.4,3.1,5.4,3.5,0.8
2005-01,U,0,2.81,2.24,4.03,2.47,3.6,5.3,3.76,0.8
2005-02,U,0,3.01,2.28,4.62,2.68,3.6,5.4,3.84,0.8
2005-03,U,0,3.16,2.33,5,2.6,3.6,5.2,4.15,0.8
2005-04,U,0,3.31,2.17,4.65,2.74,3.4,5.2,3.88,0.8
2005-05,U,0,2.83,2.17,3.64,2.73,3.4,5.1,3.21,0.8
2005-06,U,0,2.51,2.01,3.64,2.1,3.4,5,4.46,0.81
2005-07,U,0,3.02,2.06,4.49,2.58,3.3,5,3.37,0.8
2005-08,U,0,3.58,2.11,5.05,2.23,3.3,4.9,3.49,0.8
2005-09,U,0,4.63,1.91,6.5,2.23,3.3,5,1.48,0.79
2005-10,U,0,4.26,2.05,5.97,1.81,3,5,1.82,0.79
2005-11,U,0,3.28,2.1,4.25,1.53,3,5,2.66,0.8
2005-12,U,0,3.28,2.09,5.27,1.18,3,4.9,2.51,0.81
2006-01,U,0,3.94,2.09,5.51,1.24,3.2,4.7,2.18,0.81
2006-02,F,0,3.57,2.08,3.85,1.59,3.2,4.8,1.57,0.8
2006-03,F,0,3.36,2.08,3.58,1.52,3.2,4.7,1.91,0.81
2006-04,U,0,3.55,2.27,4.07,1.44,2.9,4.7,2.2,0.81
2006-05,U,0,3.9,2.41,4.26,1.37,2.9,4.6,1.89,0.81
2006-06,U,3,4.1,2.61,4.76,1.71,2.9,4.6,1.85,0.81
2006-07,B,3,4.02,2.65,3.8,0.89,2.2,4.7,2.15,0.81
2006-08,B,3,3.85,2.79,3.64,1.37,2.2,4.7,2.28,0.81
2006-09,B,3,1.99,2.89,0.88,1.5,2.2,4.5,4.03,0.8
2006-10,B,3,1.4,2.73,-1.13,1.16,2.4,4.4,2.73,0.8
2006-11,B,3,1.95,2.58,0.82,2.25,2.4,4.5,1.61,0.8
2006-12,B,3,2.49,2.58,0.94,2.25,2.4,4.4,2.08,0.81
2007-01,B,3,2.05,2.62,0.25,2.11,1.2,4.6,1.47,0.8
2007-02,B,3,2.39,2.68,2.49,2.03,1.2,4.5,2.42,0.81
2007-03,B,3,2.76,2.48,2.97,1.9,1.2,4.4,2.42,0.81
2007-04,B,3,2.56,2.39,2.88,1.76,1.7,4.5,2.7,0.81
2007-05,B,3,2.67,2.24,3.31,1.69,1.7,4.4,2.89,0.81
2007-06,U,3,2.66,2.16,2.87,1.62,1.7,4.6,2.53,0.81
2007-07,B,3,2.29,2.14,3.78,2.3,2.3,4.7,2.51,0.81
2007-08,U,3,1.88,2.07,2.38,1.82,2.3,4.6,2.38,0.81
2007-09,U,3,2.79,2.08,4.52,1.55,2.3,4.7,2.88,0.81
2007-10,U,3,3.55,2.14,6.47,2.29,1.9,4.7,2.44,0.81
2007-11,U,3,4.28,2.31,7.46,1.61,1.9,4.7,3.06,0.81
2007-12,U,1,4.03,2.41,6.37,1.47,1.9,5,2.01,0.81
2008-01,U,1,4.21,2.45,7.42,1.73,1.1,5,2.2,0.81
2008-02,U,1,4.06,2.27,6.66,1.8,1.1,4.9,0.84,0.81
2008-03,U,1,3.9,2.36,6.66,1.86,1.1,5.1,0.43,0.8
2008-04,U,1,3.83,2.27,6.22,2.25,0.8,5,-1.03,0.8
2008-05,U,1,4.01,2.3,7.2,2.38,0.8,5.4,-1.58,0.8
2008-06,U,1,4.82,2.36,8.7,2.44,0.8,5.6,-1.75,0.79
2008-07,U,1,5.35,2.44,9.25,2.77,-0.3,5.8,-2.26,0.79
2008-08,U,1,5.17,2.47,9.2,3.15,-0.3,6.1,-3.96,0.78
2008-09,U,1,4.83,2.41,8.63,3.48,-0.3,6.1,-8.69,0.74
2008-10,U,1,3.66,2.2,5.18,4.17,-2.8,6.5,-7.29,0.75
2008-11,U,1,1.09,2,0.29,3.84,-2.8,6.8,-9.07,0.74
2008-12,U,1,-0.02,1.75,-1.17,4.23,-2.8,7.3,-12.06,0.72
2009-01,U,1,-0.11,1.66,-1.45,3.7,-3.5,7.8,-14.14,0.7
2009-02,U,1,0.01,1.78,-1.92,3.31,-3.5,8.3,-14.43,0.7
2009-03,U,1,-0.45,1.77,-3.66,3.17,-3.5,8.7,-15.78,0.68
2009-04,U,1,-0.58,1.92,-3.41,2.65,-4.1,9,-15.93,0.68
2009-05,U,1,-1.02,1.83,-4.65,2.26,-4.1,9.4,-16.47,0.67
2009-06,U,1,-1.24,1.7,-4.34,2.45,-4.1,9.5,-16.72,0.67
2009-07,U,2,-1.98,1.51,-6.71,1.61,-3.3,9.5,-15.14,0.67
2009-08,U,2,-1.49,1.43,-4.55,1.48,-3.3,9.6,-12.53,0.68
2009-09,U,2,-1.39,1.47,-5.17,1.03,-3.3,9.8,-7.37,0.69
2009-10,U,2,-0.22,1.7,-2.27,-0.13,-0.2,10,-7.99,0.69
2009-11,U,2,1.9,1.7,2.12,0.19,-0.2,9.9,-6.33,0.7
2009-12,U,2,2.78,1.8,4.27,-0.13,-0.2,9.9,-3.06,0.7
2010-01,U,2,2.59,1.5,4.63,0.13,1.6,9.8,0.44,0.71
2010-02,U,2,2.13,1.34,4.08,0.13,1.6,9.8,1.4,0.71
2010-03,U,2,2.26,1.15,5.63,0.19,1.6,9.9,3.63,0.72
2010-04,U,2,2.18,0.96,5.1,0.25,2.7,9.9,4.94,0.72
2010-05,U,2,1.98,0.94,4.93,0.57,2.7,9.6,7.54,0.74
2010-06,U,2,1.12,0.94,2.73,0.19,2.7,9.4,8.15,0.74
2010-07,U,0,1.33,0.95,4,0.57,3.1,9.4,7.56,0.74
2010-08,U,0,1.14,0.91,3.11,0.38,3.1,9.5,6.83,0.75
2010-09,U,0,1.11,0.81,3.73,0.64,3.1,9.5,6.34,0.75
2010-10,U,0,1.16,0.6,4.1,0.64,2.7,9.4,5.79,0.75
2010-11,U,0,1.08,0.67,3.23,0.32,2.7,9.8,5.44,0.75
2010-12,U,0,1.43,0.66,3.77,0.45,2.7,9.3,5.99,0.76
2011-01,U,0,1.69,0.98,3.57,0.57,1.9,9.1,4.8,0.76
2011-02,U,0,2.1,1.12,5.26,0.82,1.9,9,4.04,0.75
2011-03,U,0,2.59,1.2,5.28,1.01,1.9,9,4.25,0.76
2011-04,U,0,3.03,1.31,6.12,1.33,1.7,9.1,3.41,0.76
2011-05,U,0,3.4,1.45,6.65,1.2,1.7,9,2.06,0.76
2011-06,U,0,3.44,1.57,6.67,1.58,1.7,9.1,2.11,0.76
2011-07,U,0,3.52,1.73,6.93,1.76,1.2,9,2.14,0.76
2011-08,U,0,3.69,1.94,6.32,1.64,1.2,9,2.26,0.77
2011-09,U,0,3.74,1.97,6.76,1.7,1.2,9,1.93,0.76
2011-10,U,0,3.46,2.09,5.78,2.01,1.7,8.8,2.86,0.77
2011-11,U,0,3.39,2.12,5.55,2.2,1.7,8.6,2.66,0.77
2011-12,U,0,3.02,2.25,4.62,2.32,1.7,8.5,2.23,0.77
2012-01,U,0,2.97,2.25,4.12,2.25,2.8,8.3,3.01,0.77
2012-02,U,0,2.88,2.15,3.36,2.31,2.8,8.3,3.73,0.77
2012-03,U,0,2.59,2.23,2.77,2.18,2.8,8.2,2.16,0.76
2012-04,U,0,2.29,2.29,1.72,2.05,2.5,8.2,3.47,0.77
2012-05,U,0,1.73,2.23,0.78,2.05,2.5,8.2,3.44,0.77
2012-06,U,0,1.63,2.2,0.78,1.86,2.5,8.2,3.22,0.77
2012-07,U,0,1.36,2.08,0.57,1.92,2.4,8.2,3.03,0.77
2012-08,U,0,1.64,1.91,1.87,1.98,2.4,8.1,2.07,0.76
2012-09,U,0,1.92,1.97,2,1.73,2.4,7.8,2.24,0.76
2012-10,U,0,2.14,1.97,2.31,1.54,1.3,7.8,1.82,0.76
2012-11,U,0,1.79,1.92,1.39,1.48,1.3,7.7,2.5,0.77
2012-12,U,0,1.77,1.87,1.39,1.29,1.3,7.9,2.37,0.77
2013-01,U,0,1.65,1.9,1.44,1.05,1.3,8,1.58,0.77
2013-02,U,0,2.01,1.99,1.74,0.92,1.3,7.7,1.81,0.77
2013-03,U,0,1.48,1.87,1.13,0.92,1.3,7.5,2.66,0.77
2013-04,U,0,1.11,1.7,0.62,0.86,1,7.6,1.73,0.77
2013-05,U,0,1.38,1.66,1.75,0.86,1,7.5,1.58,0.77
2013-06,U,0,1.67,1.62,2.21,0.8,1,7.5,1.77,0.77
2013-07,U,0,1.85,1.67,2.06,0.55,1.7,7.3,0.92,0.76
2013-08,U,0,1.47,1.76,1.17,0.55,1.7,7.3,2.13,0.77
2013-09,U,0,1.14,1.72,0.2,0.85,1.7,7.3,2.49,0.77
2013-10,U,0,0.92,1.66,0.25,0.91,2.7,7.2,2.19,0.77
2013-11,U,0,1.26,1.71,0.82,1.04,2.7,6.9,1.97,0.77
2013-12,U,0,1.53,1.71,1.47,1.22,2.7,6.7,1.88,0.78
2014-01,U,0,1.63,1.61,1.67,1.46,1.6,6.6,1.48,0.77
2014-02,U,0,1.12,1.55,1.21,1.46,1.6,6.7,1.77,0.78
2014-03,U,0,1.53,1.64,1.97,1.4,1.6,6.7,2.39,0.78
2014-04,U,0,1.98,1.81,3.08,1.33,2.4,6.2,2.58,0.78
2014-05,U,0,2.09,1.92,2.52,1.39,2.4,6.2,2.96,0.78
2014-06,U,0,1.99,1.9,2.76,1.39,2.4,6.1,3.19,0.79
2014-07,U,0,1.92,1.84,2.71,1.45,2.9,6.2,3.84,0.79
2014-08,U,0,1.66,1.73,2.26,1.51,2.9,6.2,3.1,0.78
2014-09,U,0,1.64,1.72,2.16,1.33,2.9,6,2.97,0.78
2014-10,U,0,1.63,1.79,1.71,1.39,2.5,5.7,3.09,0.78
2014-11,U,0,1.29,1.7,1.06,1.2,2.5,5.8,3.74,0.79
2014-12,U,0,0.69,1.6,-0.76,0.9,2.5,5.6,3.41,0.79
2015-01,U,0,-0.2,1.64,-3.26,1.14,3.3,5.7,3.39,0.78
2015-02,U,0,-0.09,1.68,-3.31,1.32,3.3,5.5,2.45,0.78
2015-03,U,0,-0.02,1.74,-3.41,1.44,3.3,5.5,1.36,0.77
2015-04,U,0,-0.13,1.79,-4.38,1.38,3,5.4,0.99,0.77
2015-05,U,0,0.03,1.7,-2.88,1.37,3,5.5,0.35,0.77
2015-06,U,0,0.17,1.75,-2.56,1.31,3,5.3,-0.25,0.76
2015-07,U,0,0.2,1.78,-2.71,1.37,2.2,5.3,0.25,0.77
2015-08,U,0,0.23,1.82,-3.07,1.25,2.2,5.1,0.36,0.77
2015-09,U,0,-0.01,1.88,-4.16,1.25,2.2,5.1,-0.25,0.76
2015-10,U,0,0.13,1.89,-4.22,0.89,1.9,5,-0.45,0.76
2015-11,U,0,0.44,2,-3.32,0.95,1.9,5,-2.08,0.76
2015-12,U,0,0.66,2.07,-2.84,1.13,1.9,5,-2.35,0.75
2016-01,U,0,1.33,2.19,NA,NA,1.6,4.9,-1.37,0.76
2016-02,U,0,0.97,2.32,NA,NA,1.6,4.9,-1.37,0.76
2016-03,U,0,0.87,2.18,NA,NA,1.6,5,-2.03,0.75
