date,ts,tm,tl,tm.ts,tl.tm,tl.ts,tm..tl.ts..2,ms
1953-04,2.36,2.6533,3.08,0.2933,0.4267,0.72,-0.0667,U
1953-05,2.48,2.88,3.18,0.4,0.3,0.7,0.05,U
1953-06,2.45,2.93,3.21,0.48,0.28,0.76,0.1,U
1953-07,2.38,2.7667,3.12,0.3867,0.3533,0.74,0.0167,U
1953-08,2.28,2.7767,3.1,0.4967,0.3233,0.82,0.0867,U
1953-09,2.2,2.7133,3.07,0.5133,0.3567,0.87,0.0783,U
1953-10,1.79,2.44,2.95,0.65,0.51,1.16,0.07,U
1953-11,1.67,2.4333,2.95,0.7633,0.5167,1.28,0.1233,U
1953-12,1.66,2.3267,2.89,0.6667,0.5633,1.23,0.0517,U
1954-01,1.41,2.18,2.8,0.77,0.62,1.39,0.075,U
1954-02,1.14,2.0467,2.72,0.9067,0.6733,1.58,0.1167,U
1954-03,1.13,1.9633,2.61,0.8333,0.6467,1.48,0.0933,U
1954-04,0.96,1.9,2.6,0.94,0.7,1.64,0.12,U
1954-05,0.85,1.95,2.66,1.1,0.71,1.81,0.195,U
1954-06,0.82,1.9433,2.64,1.1233,0.6967,1.82,0.2133,U
1954-07,0.84,1.8733,2.57,1.0333,0.6967,1.73,0.1683,U
1954-08,0.88,1.9167,2.58,1.0367,0.6633,1.7,0.1867,U
1954-09,1.03,1.98,2.6,0.95,0.62,1.57,0.165,U
1954-10,1.17,2.0567,2.61,0.8867,0.5533,1.44,0.1667,U
1954-11,1.14,2.1067,2.65,0.9667,0.5433,1.51,0.2117,U
1954-12,1.21,2.16,2.67,0.95,0.51,1.46,0.22,U
1955-01,1.39,2.3067,2.75,0.9167,0.4433,1.36,0.2367,U
1955-02,1.57,2.3833,2.83,0.8133,0.4467,1.26,0.1833,U
1955-03,1.59,2.4733,2.84,0.8833,0.3667,1.25,0.2583,U
1955-04,1.75,2.5567,2.85,0.8067,0.2933,1.1,0.2567,U
1955-05,1.9,2.5633,2.87,0.6633,0.3067,0.97,0.1783,U
1955-06,1.91,2.5867,2.86,0.6767,0.2733,0.95,0.2017,U
1955-07,2.02,2.71,2.94,0.69,0.23,0.92,0.23,U
1955-08,2.37,2.85,3.01,0.48,0.16,0.64,0.16,U
1955-09,2.36,2.8367,3,0.4767,0.1633,0.64,0.1567,U
1955-10,2.39,2.7533,2.93,0.3633,0.1767,0.54,0.0933,U
1955-11,2.48,2.81,2.93,0.33,0.12,0.45,0.105,U
1955-12,2.73,2.9233,2.98,0.1933,0.0567,0.25,0.0683,U
1956-01,2.58,2.84,2.94,0.26,0.1,0.36,0.08,U
1956-02,2.49,2.75,2.91,0.26,0.16,0.42,0.05,U
1956-03,2.61,2.9267,2.99,0.3167,0.0633,0.38,0.1267,U
1956-04,2.92,3.19,3.14,0.27,-0.05,0.22,0.16,H
1956-05,2.94,3.0767,3.06,0.1367,-0.0167,0.12,0.0767,H
1956-06,2.74,2.9733,3,0.2333,0.0267,0.26,0.1033,U
1956-07,2.76,3.0967,3.08,0.3367,-0.0167,0.32,0.1767,H
1956-08,3.1,3.3767,3.22,0.2767,-0.1567,0.12,0.2167,H
1956-09,3.35,3.45,3.28,0.1,-0.17,-0.07,0.135,H
1956-10,3.28,3.38,3.26,0.1,-0.12,-0.02,0.11,H
1956-11,3.44,3.54,3.37,0.1,-0.17,-0.07,0.135,H
1956-12,3.68,3.6833,3.45,0.0033,-0.2333,-0.23,0.1183,H
1957-01,3.37,3.4633,3.41,0.0933,-0.0533,0.04,0.0733,F
1957-02,3.38,3.3833,3.3,0.0033,-0.0833,-0.08,0.0433,F
1957-03,3.42,3.4467,3.32,0.0267,-0.1267,-0.1,0.0767,H
1957-04,3.49,3.5133,3.4,0.0233,-0.1133,-0.09,0.0683,H
1957-05,3.48,3.6167,3.49,0.1367,-0.1267,0.01,0.1317,H
1957-06,3.65,3.81,3.65,0.16,-0.16,0,0.16,H
1957-07,3.81,3.9633,3.72,0.1533,-0.2433,-0.09,0.1983,H
1957-08,4.01,3.9833,3.75,-0.0267,-0.2333,-0.26,0.1033,D
1957-09,4.07,4.0033,3.73,-0.0667,-0.2733,-0.34,0.1033,D
1957-10,4.01,4.0467,3.76,0.0367,-0.2867,-0.25,0.1617,H
1957-11,3.57,3.7133,3.61,0.1433,-0.1033,0.04,0.1233,H
1957-12,3.18,3.1333,3.38,-0.0467,0.2467,0.2,-0.1467,B
1958-01,2.65,2.9167,3.27,0.2667,0.3533,0.62,-0.0433,U
1958-02,1.99,2.8033,3.31,0.8133,0.5067,1.32,0.1533,U
1958-03,1.84,2.6733,3.29,0.8333,0.6167,1.45,0.1083,U
1958-04,1.45,2.4967,3.17,1.0467,0.6733,1.72,0.1867,U
1958-05,1.37,2.4667,3.17,1.0967,0.7033,1.8,0.1967,U
1958-06,1.23,2.5033,3.23,1.2733,0.7267,2,0.2733,U
1958-07,1.61,2.7967,3.39,1.1867,0.5933,1.78,0.2967,U
1958-08,2.5,3.2967,3.65,0.7967,0.3533,1.15,0.2217,U
1958-09,3.05,3.6567,3.8,0.6067,0.1433,0.75,0.2317,U
1958-10,3.19,3.75,3.81,0.56,0.06,0.62,0.25,U
1958-11,3.1,3.68,3.76,0.58,0.08,0.66,0.25,U
1958-12,3.29,3.8,3.86,0.51,0.06,0.57,0.225,U
1959-01,3.36,3.98,3.95,0.62,-0.03,0.59,0.325,H
1959-02,3.54,3.9467,3.96,0.4067,0.0133,0.42,0.1967,U
1959-03,3.61,3.9833,3.99,0.3733,0.0067,0.38,0.1833,U
1959-04,3.72,4.09,4.06,0.37,-0.03,0.34,0.2,H
1959-05,3.96,4.3033,4.13,0.3433,-0.1733,0.17,0.2583,H
1959-06,4.07,4.4533,4.14,0.3833,-0.3133,0.07,0.3483,H
1959-07,4.39,4.5267,4.16,0.1367,-0.3667,-0.23,0.2517,H
1959-08,4.42,4.5333,4.15,0.1133,-0.3833,-0.27,0.2483,H
1959-09,5,4.85,4.29,-0.15,-0.56,-0.71,0.205,D
1959-10,4.8,4.6767,4.19,-0.1233,-0.4867,-0.61,0.1817,D
1959-11,4.81,4.71,4.2,-0.1,-0.51,-0.61,0.205,D
1959-12,5.14,4.94,4.33,-0.2,-0.61,-0.81,0.205,D
1960-01,5.03,4.8767,4.42,-0.1533,-0.4567,-0.61,0.1517,D
1960-02,4.66,4.6367,4.28,-0.0233,-0.3567,-0.38,0.1667,D
1960-03,4.02,4.2833,4.14,0.2633,-0.1433,0.12,0.2033,H
1960-04,4.04,4.28,4.23,0.24,-0.05,0.19,0.145,H
1960-05,4.21,4.4333,4.2,0.2233,-0.2333,-0.01,0.2283,H
1960-06,3.36,4.0933,4.04,0.7333,-0.0533,0.68,0.3933,H
1960-07,3.2,3.7733,3.91,0.5733,0.1367,0.71,0.2183,U
1960-08,2.95,3.61,3.84,0.66,0.23,0.89,0.215,U
1960-09,3.07,3.6133,3.86,0.5433,0.2467,0.79,0.1483,U
1960-10,3.04,3.7267,3.92,0.6867,0.1933,0.88,0.2467,U
1960-11,3.08,3.78,3.96,0.7,0.18,0.88,0.26,U
1960-12,2.86,3.6433,3.91,0.7833,0.2667,1.05,0.2583,U
1961-01,2.81,3.6333,3.9,0.8233,0.2667,1.09,0.2783,U
1961-02,2.93,3.6333,3.84,0.7033,0.2067,0.91,0.2483,U
1961-03,2.88,3.5633,3.81,0.6833,0.2467,0.93,0.2183,U
1961-04,2.88,3.56,3.81,0.68,0.25,0.93,0.215,U
1961-05,2.87,3.47,3.74,0.6,0.27,0.87,0.165,U
1961-06,3.06,3.7733,3.89,0.7133,0.1167,0.83,0.2983,U
1961-07,2.92,3.7833,3.93,0.8633,0.1467,1.01,0.3583,U
1961-08,3.06,3.92,4.04,0.86,0.12,0.98,0.37,U
1961-09,3.06,3.87,4.04,0.81,0.17,0.98,0.32,U
1961-10,3.05,3.78,4.01,0.73,0.23,0.96,0.25,U
1961-11,3.07,3.79,4,0.72,0.21,0.93,0.255,U
1961-12,3.18,3.8967,4.07,0.7167,0.1733,0.89,0.2717,U
1962-01,3.28,3.9267,4.1,0.6467,0.1733,0.82,0.2367,U
1962-02,3.28,3.8733,4.12,0.5933,0.2467,0.84,0.1733,U
1962-03,3.06,3.6867,4.04,0.6267,0.3533,0.98,0.1367,U
1962-04,2.99,3.6067,3.93,0.6167,0.3233,0.94,0.1467,U
1962-05,3.03,3.6433,3.92,0.6133,0.2767,0.89,0.1683,U
1962-06,3.03,3.6467,3.96,0.6167,0.3133,0.93,0.1517,U
1962-07,3.29,3.81,4.05,0.52,0.24,0.76,0.14,U
1962-08,3.2,3.7167,4.01,0.5167,0.2933,0.81,0.1117,U
1962-09,3.06,3.6967,4,0.6367,0.3033,0.94,0.1667,U
1962-10,2.98,3.6333,3.94,0.6533,0.3067,0.96,0.1733,U
1962-11,3,3.64,3.93,0.64,0.29,0.93,0.175,U
1962-12,3.01,3.5967,3.92,0.5867,0.3233,0.91,0.1317,U
1963-01,3.04,3.6033,3.93,0.5633,0.3267,0.89,0.1183,U
1963-02,3.01,3.6567,3.97,0.6467,0.3133,0.96,0.1667,U
1963-03,3.03,3.6733,3.98,0.6433,0.3067,0.95,0.1683,U
1963-04,3.11,3.7367,4.03,0.6267,0.2933,0.92,0.1667,U
1963-05,3.12,3.73,4.02,0.61,0.29,0.9,0.16,U
1963-06,3.2,3.8033,4.02,0.6033,0.2167,0.82,0.1933,U
1963-07,3.48,3.89,4.06,0.41,0.17,0.58,0.12,U
1963-08,3.53,3.8867,4.03,0.3567,0.1433,0.5,0.1067,U
1963-09,3.57,3.9533,4.09,0.3833,0.1367,0.52,0.1233,U
1963-10,3.64,3.9833,4.12,0.3433,0.1367,0.48,0.1033,U
1963-11,3.74,4.0267,4.16,0.2867,0.1333,0.42,0.0767,U
1963-12,3.81,4.06,4.19,0.25,0.13,0.38,0.06,U
1964-01,3.79,4.0933,4.19,0.3033,0.0967,0.4,0.1033,U
1964-02,3.78,4.06,4.17,0.28,0.11,0.39,0.085,U
1964-03,3.91,4.16,4.22,0.25,0.06,0.31,0.095,U
1964-04,3.91,4.1767,4.24,0.2667,0.0633,0.33,0.1017,U
1964-05,3.84,4.0967,4.2,0.2567,0.1033,0.36,0.0767,U
1964-06,3.83,4.0667,4.17,0.2367,0.1033,0.34,0.0667,U
1964-07,3.72,4.05,4.16,0.33,0.11,0.44,0.11,U
1964-08,3.74,4.0567,4.18,0.3167,0.1233,0.44,0.0967,U
1964-09,3.84,4.0967,4.2,0.2567,0.1033,0.36,0.0767,U
1964-10,3.86,4.0933,4.2,0.2333,0.1067,0.34,0.0633,U
1964-11,3.91,4.0767,4.17,0.1667,0.0933,0.26,0.0367,U
1964-12,4.02,4.1167,4.18,0.0967,0.0633,0.16,0.0167,F
1965-01,3.94,4.1067,4.19,0.1667,0.0833,0.25,0.0417,U
1965-02,4.03,4.1467,4.21,0.1167,0.0633,0.18,0.0267,U
1965-03,4.06,4.1633,4.2,0.1033,0.0367,0.14,0.0333,U
1965-04,4.04,4.1567,4.2,0.1167,0.0433,0.16,0.0367,U
1965-05,4.03,4.1567,4.21,0.1267,0.0533,0.18,0.0367,U
1965-06,3.99,4.1467,4.21,0.1567,0.0633,0.22,0.0467,U
1965-07,3.98,4.1467,4.21,0.1667,0.0633,0.23,0.0517,U
1965-08,4.07,4.2033,4.25,0.1333,0.0467,0.18,0.0433,U
1965-09,4.2,4.26,4.3,0.06,0.04,0.1,0.01,F
1965-10,4.3,4.34,4.32,0.04,-0.02,0.02,0.03,F
1965-11,4.37,4.4533,4.4,0.0833,-0.0533,0.03,0.0683,F
1965-12,4.72,4.71,4.5,-0.01,-0.21,-0.22,0.1,D
1966-01,4.88,4.79,4.52,-0.09,-0.27,-0.36,0.09,D
1966-02,4.94,4.9433,4.71,0.0033,-0.2333,-0.23,0.1183,H
1966-03,4.97,4.92,4.72,-0.05,-0.2,-0.25,0.075,D
1966-04,4.9,4.8233,4.65,-0.0767,-0.1733,-0.25,0.0483,D
1966-05,4.93,4.89,4.69,-0.04,-0.2,-0.24,0.08,D
1966-06,4.97,4.9433,4.73,-0.0267,-0.2133,-0.24,0.0933,D
1966-07,5.17,5.15,4.84,-0.02,-0.31,-0.33,0.145,D
1966-08,5.54,5.4667,4.95,-0.0733,-0.5167,-0.59,0.2217,D
1966-09,5.82,5.49,4.94,-0.33,-0.55,-0.88,0.11,D
1966-10,5.58,5.2533,4.83,-0.3267,-0.4233,-0.75,0.0483,D
1966-11,5.54,5.35,4.87,-0.19,-0.48,-0.67,0.145,D
1966-12,5.2,5.01,4.76,-0.19,-0.25,-0.44,0.03,D
1967-01,4.75,4.6767,4.51,-0.0733,-0.1667,-0.24,0.0467,D
1967-02,4.71,4.7,4.61,-0.01,-0.09,-0.1,0.04,F
1967-03,4.35,4.5167,4.56,0.1667,0.0433,0.21,0.0617,U
1967-04,4.11,4.4933,4.64,0.3833,0.1467,0.53,0.1183,U
1967-05,4.15,4.7367,4.9,0.5867,0.1633,0.75,0.2117,U
1967-06,4.48,4.9733,4.99,0.4933,0.0167,0.51,0.2383,U
1967-07,5.01,5.15,5.01,0.14,-0.14,0,0.14,H
1967-08,5.13,5.2733,5.12,0.1433,-0.1533,-0.01,0.1483,H
1967-09,5.24,5.37,5.16,0.13,-0.21,-0.08,0.17,H
1967-10,5.37,5.5233,5.36,0.1533,-0.1633,-0.01,0.1583,H
1967-11,5.61,5.7467,5.66,0.1367,-0.0867,0.05,0.1117,H
1967-12,5.71,5.72,5.59,0.01,-0.13,-0.12,0.07,H
1968-01,5.43,5.5333,5.39,0.1033,-0.1433,-0.04,0.1233,H
1968-02,5.41,5.5867,5.38,0.1767,-0.2067,-0.03,0.1917,H
1968-03,5.58,5.7667,5.59,0.1867,-0.1767,0.01,0.1817,H
1968-04,5.71,5.6933,5.46,-0.0167,-0.2333,-0.25,0.1083,D
1968-05,6.14,6.0067,5.55,-0.1333,-0.4567,-0.59,0.1617,D
1968-06,5.98,5.7967,5.4,-0.1833,-0.3967,-0.58,0.1067,D
1968-07,5.65,5.5467,5.29,-0.1033,-0.2567,-0.36,0.0767,D
1968-08,5.43,5.4467,5.23,0.0167,-0.2167,-0.2,0.1167,H
1968-09,5.45,5.4433,5.28,-0.0067,-0.1633,-0.17,0.0783,D
1968-10,5.57,5.55,5.44,-0.02,-0.11,-0.13,0.045,D
1968-11,5.75,5.6433,5.56,-0.1067,-0.0833,-0.19,-0.0117,D
1968-12,6.19,6.1033,5.88,-0.0867,-0.2233,-0.31,0.0683,D
1969-01,6.34,6.17,5.99,-0.17,-0.18,-0.35,0.005,D
1969-02,6.41,6.2833,6.11,-0.1267,-0.1733,-0.3,0.0233,D
1969-03,6.34,6.3633,6.22,0.0233,-0.1433,-0.12,0.0833,H
1969-04,6.26,6.24,6.03,-0.02,-0.21,-0.23,0.095,D
1969-05,6.42,6.4567,6.11,0.0367,-0.3467,-0.31,0.1917,H
1969-06,7.04,6.7167,6.28,-0.3233,-0.4367,-0.76,0.0567,D
1969-07,7.6,6.96,6.27,-0.64,-0.69,-1.33,0.025,D
1969-08,7.54,6.95,6.22,-0.59,-0.73,-1.32,0.07,D
1969-09,7.82,7.465,6.55,-0.355,-0.915,-1.27,0.28,D
1969-10,7.64,7.355,6.49,-0.285,-0.865,-1.15,0.29,D
1969-11,7.89,7.3725,6.74,-0.5175,-0.6325,-1.15,0.0575,D
1969-12,8.17,7.805,6.91,-0.365,-0.895,-1.26,0.265,D
1970-01,8.1,7.9825,6.92,-0.1175,-1.0625,-1.18,0.4725,D
1970-02,7.59,7.59,6.67,0,-0.92,-0.92,0.46,D
1970-03,6.97,7.14,6.72,0.17,-0.42,-0.25,0.295,H
1970-04,7.06,7.4325,6.85,0.3725,-0.5825,-0.21,0.4775,H
1970-05,7.75,7.9375,7.24,0.1875,-0.6975,-0.51,0.4425,H
1970-06,7.55,7.8425,7.34,0.2925,-0.5025,-0.21,0.3975,H
1970-07,7.1,7.555,6.92,0.455,-0.635,-0.18,0.545,H
1970-08,6.98,7.5375,7.07,0.5575,-0.4675,0.09,0.5125,H
1970-09,6.73,7.2975,6.88,0.5675,-0.4175,0.15,0.4925,H
1970-10,6.43,7.1825,6.88,0.7525,-0.3025,0.45,0.5275,H
1970-11,5.51,6.58,6.58,1.07,0,1.07,0.535,U
1970-12,5,6.08,6.28,1.08,0.2,1.28,0.44,U
1971-01,4.57,5.975,6.18,1.405,0.205,1.61,0.6,U
1971-02,3.89,5.67,6.14,1.78,0.47,2.25,0.655,U
1971-03,3.69,5.155,5.94,1.465,0.785,2.25,0.34,U
1971-04,4.3,5.6425,6,1.3425,0.3575,1.7,0.4925,U
1971-05,5.04,6.265,6.32,1.225,0.055,1.28,0.585,U
1971-06,5.64,6.505,6.38,0.865,-0.125,0.74,0.495,H
1971-07,6.04,6.81,6.38,0.77,-0.43,0.34,0.6,H
1971-08,5.8,6.5375,6.27,0.7375,-0.2675,0.47,0.5025,H
1971-09,5.41,6.0925,6.05,0.6825,-0.0425,0.64,0.3625,H
1971-10,4.91,5.85,5.92,0.94,0.07,1.01,0.435,U
1971-11,4.67,5.72,5.86,1.05,0.14,1.19,0.455,U
1971-12,4.6,5.715,6,1.115,0.285,1.4,0.415,U
1972-01,4.28,5.6475,6.01,1.3675,0.3625,1.73,0.5025,U
1972-02,4.27,5.7525,6.06,1.4825,0.3075,1.79,0.5875,U
1972-03,4.67,5.8875,6.06,1.2175,0.1725,1.39,0.5225,U
1972-04,4.96,6.115,6.16,1.155,0.045,1.2,0.555,U
1972-05,4.64,5.9,6.07,1.26,0.17,1.43,0.545,U
1972-06,4.93,5.93,6.01,1,0.08,1.08,0.46,U
1972-07,4.96,5.9875,6.01,1.0275,0.0225,1.05,0.5025,U
1972-08,4.98,6.0525,5.94,1.0725,-0.1125,0.96,0.5925,H
1972-09,5.52,6.3225,6.05,0.8025,-0.2725,0.53,0.5375,H
1972-10,5.52,6.265,6,0.745,-0.265,0.48,0.505,H
1972-11,5.27,6.13,5.79,0.86,-0.34,0.52,0.6,H
1972-12,5.52,6.1825,5.96,0.6625,-0.2225,0.44,0.4425,H
1973-01,5.89,6.3575,6.78,0.4675,0.4225,0.89,0.0225,U
1973-02,6.19,6.605,6.88,0.415,0.275,0.69,0.07,U
1973-03,6.85,6.7825,6.91,-0.0675,0.1275,0.06,-0.0975,B
1973-04,6.85,6.6975,6.86,-0.1525,0.1625,0.01,-0.1575,B
1973-05,6.89,6.8275,6.99,-0.0625,0.1625,0.1,-0.1125,B
1973-06,7.31,6.81,7.06,-0.5,0.25,-0.25,-0.375,B
1973-07,8.39,7.3075,7.29,-1.0825,-0.0175,-1.1,-0.5325,D
1973-08,8.82,7.61,7.61,-1.21,0,-1.21,-0.605,D
1973-09,8.31,7.1175,7.25,-1.1925,0.1325,-1.06,-0.6625,B
1973-10,7.4,6.7875,7.18,-0.6125,0.3925,-0.22,-0.5025,B
1973-11,7.57,6.885,7.3,-0.685,0.415,-0.27,-0.55,B
1973-12,7.27,6.78,7.29,-0.49,0.51,0.02,-0.5,B
1974-01,7.42,6.945,7.47,-0.475,0.525,0.05,-0.5,B
1974-02,6.88,6.865,7.46,-0.015,0.595,0.58,-0.305,B
1974-03,7.76,7.3025,7.73,-0.4575,0.4275,-0.03,-0.4425,B
1974-04,8.62,7.8125,8.01,-0.8075,0.1975,-0.61,-0.5025,B
1974-05,8.78,7.99,8.14,-0.79,0.15,-0.64,-0.47,B
1974-06,8.67,7.9225,8.1,-0.7475,0.1775,-0.57,-0.4625,B
1974-07,8.8,8.1975,8.26,-0.6025,0.0625,-0.54,-0.3325,B
1974-08,9.36,8.435,8.6,-0.925,0.165,-0.76,-0.545,B
1974-09,8.87,8.2675,8.59,-0.6025,0.3225,-0.28,-0.4625,B
1974-10,8.05,7.9475,8.37,-0.1025,0.4225,0.32,-0.2625,B
1974-11,7.66,7.6625,7.98,0.0025,0.3175,0.32,-0.1575,U
1974-12,7.31,7.34,7.91,0.03,0.57,0.6,-0.27,U
1975-01,6.83,7.3975,7.88,0.5675,0.4825,1.05,0.0425,U
1975-02,5.98,7.1125,7.71,1.1325,0.5975,1.73,0.2675,U
1975-03,6.11,7.355,7.99,1.245,0.635,1.88,0.305,U
1975-04,6.9,8.02,8.36,1.12,0.34,1.46,0.39,U
1975-05,6.39,7.7675,8.22,1.3775,0.4525,1.83,0.4625,U
1975-06,6.29,7.5575,8.04,1.2675,0.4825,1.75,0.3925,U
1975-07,7.11,7.9225,8.17,0.8125,0.2475,1.06,0.2825,U
1975-08,7.7,8.315,8.5,0.615,0.185,0.8,0.215,U
1975-09,7.75,8.37,8.57,0.62,0.2,0.82,0.21,U
1975-10,6.95,7.995,8.35,1.045,0.355,1.4,0.345,U
1975-11,6.49,7.8225,8.28,1.3325,0.4575,1.79,0.4375,U
1975-12,6.6,7.78,8.23,1.18,0.45,1.63,0.365,U
1976-01,5.81,7.465,8.01,1.655,0.545,2.2,0.555,U
1976-02,5.91,7.505,8.03,1.595,0.525,2.12,0.535,U
1976-03,6.21,7.5,7.97,1.29,0.47,1.76,0.41,U
1976-04,5.92,7.2725,7.86,1.3525,0.5875,1.94,0.3825,U
1976-05,6.4,7.6325,8.13,1.2325,0.4975,1.73,0.3675,U
1976-06,6.52,7.518,8.03,0.998,0.512,1.51,0.243,U
1976-07,6.2,7.398,8,1.198,0.602,1.8,0.298,U
1976-08,6,7.23,7.91,1.23,0.68,1.91,0.275,U
1976-09,5.84,7.042,7.78,1.202,0.738,1.94,0.232,U
1976-10,5.5,6.708,7.7,1.208,0.992,2.2,0.108,U
1976-11,5.29,6.514,7.64,1.224,1.126,2.35,0.049,U
1976-12,4.89,6.08,7.3,1.19,1.22,2.41,-0.015,U
1977-01,5.29,6.566,7.48,1.276,0.914,2.19,0.181,U
1977-02,5.47,6.782,7.695,1.312,0.913,2.225,0.1995,U
1977-03,5.5,6.83,7.765,1.33,0.935,2.265,0.1975,U
1977-04,5.44,6.708,7.7,1.268,0.992,2.26,0.138,U
1977-05,5.84,6.892,7.77,1.052,0.878,1.93,0.087,U
1977-06,5.8,6.722,7.64,0.922,0.918,1.84,0.002,U
1977-07,5.94,6.814,7.62,0.874,0.806,1.68,0.034,U
1977-08,6.37,7.014,7.66,0.644,0.646,1.29,-0.001,U
1977-09,6.53,7.028,7.605,0.498,0.577,1.075,-0.0395,U
1977-10,6.97,7.316,7.74,0.346,0.424,0.77,-0.039,U
1977-11,6.95,7.348,7.805,0.398,0.457,0.855,-0.0295,U
1977-12,6.96,7.448,7.905,0.488,0.457,0.945,0.0155,U
1978-01,7.28,7.738,8.16,0.458,0.422,0.88,0.018,U
1978-02,7.34,7.808,8.235,0.468,0.427,0.895,0.0205,U
1978-03,7.31,7.826,8.22,0.516,0.394,0.91,0.061,U
1978-04,7.45,7.956,8.33,0.506,0.374,0.88,0.066,U
1978-05,7.82,8.172,8.435,0.352,0.263,0.615,0.0445,U
1978-06,8.09,8.352,8.515,0.262,0.163,0.425,0.0495,U
1978-07,8.39,8.552,8.67,0.162,0.118,0.28,0.022,U
1978-08,8.31,8.364,8.46,0.054,0.096,0.15,-0.021,F
1978-09,8.64,8.45,8.47,-0.19,0.02,-0.17,-0.105,B
1978-10,9.14,8.672,8.68,-0.468,0.008,-0.46,-0.238,B
1978-11,10.01,8.982,8.75,-1.028,-0.232,-1.26,-0.398,D
1978-12,10.3,9.234,8.89,-1.066,-0.344,-1.41,-0.361,D
1979-01,10.41,9.36,8.96,-1.05,-0.4,-1.45,-0.325,D
1979-02,10.24,9.27,9.015,-0.97,-0.255,-1.225,-0.3575,D
1979-03,10.25,9.328,9.055,-0.922,-0.273,-1.195,-0.3245,D
1979-04,10.12,9.37,9.1,-0.75,-0.27,-1.02,-0.24,D
1979-05,10.12,9.384,9.2,-0.736,-0.184,-0.92,-0.276,D
1979-06,9.57,8.958,8.915,-0.612,-0.043,-0.655,-0.2845,D
1979-07,9.64,8.97,8.925,-0.67,-0.045,-0.715,-0.3125,D
1979-08,9.98,9.148,8.975,-0.832,-0.173,-1.005,-0.3295,D
1979-09,10.84,9.574,9.19,-1.266,-0.384,-1.65,-0.441,D
1979-10,12.44,10.768,9.92,-1.672,-0.848,-2.52,-0.412,D
1979-11,12.39,11.074,10.335,-1.316,-0.739,-2.055,-0.2885,D
1979-12,11.98,10.666,10.15,-1.314,-0.516,-1.83,-0.399,D
1980-01,12.06,10.938,10.625,-1.122,-0.313,-1.435,-0.4045,D
1980-02,13.92,12.76,12.17,-1.16,-0.59,-1.75,-0.285,D
1980-03,15.82,13.63,12.415,-2.19,-1.215,-3.405,-0.4875,D
1980-04,13.3,11.864,11.41,-1.436,-0.454,-1.89,-0.491,D
1980-05,9.39,9.822,10.4,0.432,0.578,1.01,-0.073,U
1980-06,8.16,9.216,9.85,1.056,0.634,1.69,0.211,U
1980-07,8.65,9.584,10.28,0.934,0.696,1.63,0.119,U
1980-08,10.24,10.81,11.035,0.57,0.225,0.795,0.1725,U
1980-09,11.52,11.568,11.405,0.048,-0.163,-0.115,0.1055,H
1980-10,12.49,11.9,11.67,-0.59,-0.23,-0.82,-0.18,D
1980-11,14.15,13.008,12.405,-1.142,-0.603,-1.745,-0.2695,D
1980-12,14.88,13.364,12.445,-1.516,-0.919,-2.435,-0.2985,D
1981-01,14.08,12.854,12.215,-1.226,-0.639,-1.865,-0.2935,D
1981-02,14.57,13.49,12.89,-1.08,-0.6,-1.68,-0.24,D
1981-03,13.71,13.37,12.815,-0.34,-0.555,-0.895,0.1075,D
1981-04,14.32,13.952,13.33,-0.368,-0.622,-0.99,0.127,D
1981-05,16.2,14.714,13.71,-1.486,-1.004,-2.49,-0.241,D
1981-06,14.86,13.978,13.08,-0.882,-0.898,-1.78,0.008,D
1981-07,15.72,14.812,13.755,-0.908,-1.057,-1.965,0.0745,D
1981-08,16.72,15.6,14.345,-1.12,-1.255,-2.375,0.0675,D
1981-09,16.52,15.916,14.87,-0.604,-1.046,-1.65,0.221,D
1981-10,15.38,15.386,14.905,0.006,-0.481,-0.475,0.2435,H
1981-11,12.41,13.236,13.455,0.826,0.219,1.045,0.3035,U
1981-12,12.85,13.578,13.59,0.728,0.012,0.74,0.358,U
1982-01,13.7133,14.624,14.395,0.9107,-0.229,0.6817,0.5699,H
1982-02,14.6067,14.596,14.35,-0.0107,-0.246,-0.2567,0.1177,D
1982-03,13.6967,14.018,13.64,0.3213,-0.378,-0.0567,0.3497,H
1982-04,13.73,14.038,13.47,0.308,-0.568,-0.26,0.438,H
1982-05,13.06,13.732,13.35,0.672,-0.382,0.29,0.527,H
1982-06,13.6367,14.43,14.05,0.7933,-0.38,0.4133,0.5866,H
1982-07,12.6333,13.978,13.655,1.3447,-0.323,1.0217,0.8339,H
1982-08,10.3133,12.828,12.84,2.5147,0.012,2.5267,1.2514,U
1982-09,9.6233,12.152,12.115,2.5287,-0.037,2.4917,1.2829,H
1982-10,8.64,10.68,11.07,2.04,0.39,2.43,0.825,U
1982-11,8.77,10.248,10.555,1.478,0.307,1.785,0.5855,U
1982-12,8.5667,10.158,10.58,1.5913,0.422,2.0133,0.5846,U
1983-01,8.3567,9.964,10.705,1.6073,0.741,2.3483,0.4331,U
1983-02,8.6533,10.218,10.955,1.5647,0.737,2.3017,0.4139,U
1983-03,8.8533,10.08,10.715,1.2267,0.635,1.8617,0.2959,U
1983-04,8.7567,10.008,10.555,1.2513,0.547,1.7983,0.3521,U
1983-05,8.7,9.972,10.6,1.272,0.628,1.9,0.322,U
1983-06,9.4133,10.562,11.025,1.1487,0.463,1.6117,0.3429,U
1983-07,9.8333,11.106,11.495,1.2727,0.389,1.6617,0.4419,U
1983-08,10.1433,11.524,11.89,1.3807,0.366,1.7467,0.5073,U
1983-09,9.75,11.31,11.725,1.56,0.415,1.975,0.5725,U
1983-10,9.3967,11.146,11.675,1.7493,0.529,2.2783,0.6102,U
1983-11,9.51,11.266,11.835,1.756,0.569,2.325,0.5935,U
1983-12,9.7433,11.424,11.95,1.6807,0.526,2.2067,0.5773,U
1984-01,9.5733,11.238,11.785,1.6647,0.547,2.2117,0.5589,U
1984-02,9.7567,11.394,11.975,1.6373,0.581,2.2183,0.5282,U
1984-03,10.25,11.898,12.415,1.648,0.517,2.165,0.5655,U
1984-04,10.48,12.246,12.65,1.766,0.404,2.17,0.681,U
1984-05,10.9667,13.028,13.43,2.0613,0.402,2.4633,0.8297,U
1984-06,11.1933,13.338,13.49,2.1447,0.152,2.2967,0.9963,U
1984-07,11.2767,13.188,13.285,1.9113,0.097,2.0083,0.9072,U
1984-08,11.3633,12.616,12.625,1.2527,0.009,1.2617,0.6218,U
1984-09,11.19,12.438,12.355,1.248,-0.083,1.165,0.6655,H
1984-10,10.5133,11.966,12.01,1.4527,0.044,1.4967,0.7044,U
1984-11,9.36,11.188,11.61,1.828,0.422,2.25,0.703,U
1984-12,8.81,10.952,11.58,2.142,0.628,2.77,0.757,U
1985-01,8.4967,10.788,11.515,2.2913,0.727,3.0183,0.7822,U
1985-02,8.9067,10.96,11.585,2.0533,0.625,2.6783,0.7142,U
1985-03,9.38,11.392,11.935,2.012,0.543,2.555,0.7345,U
1985-04,8.69,10.872,11.58,2.182,0.708,2.89,0.737,U
1985-05,8.0867,10.21,11.12,2.1233,0.91,3.0333,0.6067,U
1985-06,7.48,9.516,10.51,2.036,0.994,3.03,0.521,U
1985-07,7.5833,9.624,10.59,2.0407,0.966,3.0067,0.5374,U
1985-08,7.71,9.718,10.645,2.008,0.927,2.935,0.5405,U
1985-09,7.68,9.754,10.705,2.074,0.951,3.025,0.5615,U
1985-10,7.7067,9.63,10.585,1.9233,0.955,2.8783,0.4842,U
1985-11,7.68,9.228,10.15,1.548,0.922,2.47,0.313,U
1985-12,7.5,8.73,9.645,1.23,0.915,2.145,0.1575,U
1986-01,7.52,8.69,9.495,1.17,0.805,1.975,0.1825,U
1986-02,7.4567,8.338,9.005,0.8813,0.667,1.5483,0.1071,U
1986-03,6.8933,7.484,8.025,0.5907,0.541,1.1317,0.0248,U
1986-04,6.3467,7.014,7.445,0.6673,0.431,1.0983,0.1182,U
1986-05,6.4833,7.444,7.665,0.9607,0.221,1.1817,0.3699,U
1986-06,6.5633,7.556,7.63,0.9927,0.074,1.0667,0.4594,U
1986-07,6.13,7.022,7.28,0.892,0.258,1.15,0.317,U
1986-08,5.8033,6.76,7.305,0.9567,0.545,1.5017,0.2059,U
1986-09,5.5633,6.924,7.59,1.3607,0.666,2.0267,0.3474,U
1986-10,5.5067,6.868,7.655,1.3613,0.787,2.1483,0.2872,U
1986-11,5.6467,6.766,7.47,1.1193,0.704,1.8233,0.2077,U
1986-12,5.7767,6.69,7.325,0.9133,0.635,1.5483,0.1392,U
1987-01,5.6767,6.656,7.39,0.9793,0.734,1.7133,0.1226,U
1987-02,5.8467,6.812,7.54,0.9653,0.728,1.6933,0.1187,U
1987-03,5.8867,6.82,7.55,0.9333,0.73,1.6633,0.1017,U
1987-04,6.17,7.552,8.25,1.382,0.698,2.08,0.342,U
1987-05,6.4,8.224,8.78,1.824,0.556,2.38,0.634,U
1987-06,6.31,8.016,8.57,1.706,0.554,2.26,0.576,U
1987-07,6.2033,7.982,8.64,1.7787,0.658,2.4367,0.5604,U
1987-08,6.5733,8.29,8.97,1.7167,0.68,2.3967,0.5183,U
1987-09,7.0933,8.926,9.59,1.8327,0.664,2.4967,0.5844,U
1987-10,6.9933,9.024,9.61,2.0307,0.586,2.6167,0.7224,U
1987-11,6.45,8.316,8.95,1.866,0.634,2.5,0.616,U
1987-12,6.6033,8.45,9.12,1.8467,0.67,2.5167,0.5884,U
1988-01,6.5167,8.166,8.83,1.6493,0.664,2.3133,0.4927,U
1988-02,6.23,7.7,8.43,1.47,0.73,2.2,0.37,U
1988-03,6.2533,7.832,8.63,1.5787,0.798,2.3767,0.3903,U
1988-04,6.53,8.17,8.95,1.64,0.78,2.42,0.43,U
1988-05,6.9133,8.56,9.23,1.6467,0.67,2.3167,0.4884,U
1988-06,7.0633,8.488,9,1.4247,0.512,1.9367,0.4564,U
1988-07,7.35,8.67,9.14,1.32,0.47,1.79,0.425,U
1988-08,7.7533,8.946,9.32,1.1927,0.374,1.5667,0.4094,U
1988-09,7.7967,8.714,9.06,0.9173,0.346,1.2633,0.2857,U
1988-10,7.87,8.556,8.89,0.686,0.334,1.02,0.176,U
1988-11,8.27,8.806,9.02,0.536,0.214,0.75,0.161,U
1988-12,8.68,9.106,9.01,0.426,-0.096,0.33,0.261,H
1989-01,8.82,9.152,8.93,0.332,-0.222,0.11,0.277,H
1989-02,9.0467,9.272,9.01,0.2253,-0.262,-0.0367,0.2437,H
1989-03,9.3667,9.518,9.17,0.1513,-0.348,-0.1967,0.2497,H
1989-04,9.1633,9.314,9.03,0.1507,-0.284,-0.1333,0.2174,H
1989-05,8.8767,8.93,8.83,0.0533,-0.1,-0.0467,0.0767,F
1989-06,8.4167,8.332,8.27,-0.0847,-0.062,-0.1467,-0.0114,F
1989-07,8.0167,7.888,8.08,-0.1287,0.192,0.0633,-0.1603,B
1989-08,8.1733,8.116,8.12,-0.0573,0.004,-0.0533,-0.0306,F
1989-09,8.13,8.226,8.15,0.096,-0.076,0.02,0.086,F
1989-10,7.9733,8.002,8,0.0287,-0.002,0.0267,0.0154,F
1989-11,7.8667,7.828,7.9,-0.0387,0.072,0.0333,-0.0553,F
1989-12,7.8033,7.798,7.9,-0.0053,0.102,0.0967,-0.0537,B
1990-01,7.9267,8.15,8.26,0.2233,0.11,0.3333,0.0566,U
1990-02,8.0767,8.426,8.5,0.3493,0.074,0.4233,0.1376,U
1990-03,8.2667,8.62,8.56,0.3533,-0.06,0.2933,0.2066,H
1990-04,8.2367,8.774,8.76,0.5373,-0.014,0.5233,0.2756,H
1990-05,8.1733,8.722,8.73,0.5487,0.008,0.5567,0.2703,U
1990-06,8.0467,8.436,8.46,0.3893,0.024,0.4133,0.1826,U
1990-07,7.91,8.336,8.5,0.426,0.164,0.59,0.131,U
1990-08,7.7467,8.422,8.86,0.6753,0.438,1.1133,0.1187,U
1990-09,7.6867,8.508,9.03,0.8213,0.522,1.3433,0.1496,U
1990-10,7.4933,8.318,8.86,0.8247,0.542,1.3667,0.1414,U
1990-11,7.33,8.006,8.54,0.676,0.534,1.21,0.071,U
1990-12,7.01,7.718,8.24,0.708,0.522,1.23,0.093,U
1991-01,6.5433,7.654,8.27,1.1107,0.616,1.7267,0.2474,U
1991-02,6.1933,7.4,8.03,1.2067,0.63,1.8367,0.2884,U
1991-03,6.23,7.666,8.29,1.436,0.624,2.06,0.406,U
1991-04,6.0167,7.568,8.21,1.5513,0.642,2.1933,0.4546,U
1991-05,5.8767,7.522,8.27,1.6453,0.748,2.3933,0.4487,U
1991-06,6.0433,7.748,8.47,1.7047,0.722,2.4267,0.4914,U
1991-07,6.01,7.726,8.45,1.716,0.724,2.44,0.496,U
1991-08,5.6367,7.26,8.14,1.6233,0.88,2.5033,0.3716,U
1991-09,5.4733,6.99,7.95,1.5167,0.96,2.4767,0.2784,U
1991-10,5.2433,6.758,7.93,1.5147,1.172,2.6867,0.1714,U
1991-11,4.7933,6.512,7.92,1.7187,1.408,3.1267,0.1553,U
1991-12,4.2733,6.078,7.7,1.8047,1.622,3.4267,0.0914,U
1992-01,4.0233,6.066,7.58,2.0427,1.514,3.5567,0.2643,U
1992-02,4.1067,6.362,7.85,2.2553,1.488,3.7433,0.3837,U
1992-03,4.3667,6.724,7.97,2.3573,1.246,3.6033,0.5557,U
1992-04,4.0467,6.536,7.96,2.4893,1.424,3.9133,0.5326,U
1992-05,3.93,6.436,7.89,2.506,1.454,3.96,0.526,U
1992-06,3.94,6.258,7.84,2.318,1.582,3.9,0.368,U
1992-07,3.42,5.662,7.6,2.242,1.938,4.18,0.152,U
1992-08,3.3267,5.444,7.39,2.1173,1.946,4.0633,0.0857,U
1992-09,3.0633,5.214,7.34,2.1507,2.126,4.2767,0.0124,U
1992-10,3.12,5.412,7.53,2.292,2.118,4.41,0.087,U
1992-11,3.4433,5.824,7.61,2.3807,1.786,4.1667,0.2974,U
1992-12,3.49,5.838,7.44,2.348,1.602,3.95,0.373,U
1993-01,3.27,5.602,7.34,2.332,1.738,4.07,0.297,U
1993-02,3.18,5.248,7.09,2.068,1.842,3.91,0.113,U
1993-03,3.1633,5.036,6.82,1.8727,1.784,3.6567,0.0443,U
1993-04,3.0767,4.966,6.85,1.8893,1.884,3.7733,0.0027,U
1993-05,3.1867,5.056,6.92,1.8693,1.864,3.7333,0.0027,U
1993-06,3.3233,5.096,6.81,1.7727,1.714,3.4867,0.0294,U
1993-07,3.28,4.976,6.63,1.696,1.654,3.35,0.021,U
1993-08,3.2567,4.884,6.32,1.6273,1.436,3.0633,0.0957,U
1993-09,3.1733,4.638,6,1.4647,1.362,2.8267,0.0514,U
1993-10,3.2333,4.628,6.005,1.3947,1.377,2.7717,0.0089,U
1993-11,3.3733,4.978,6.295,1.6047,1.317,2.9217,0.1439,U
1993-12,3.36,5.03,6.325,1.67,1.295,2.965,0.1875,U
1994-01,3.2767,4.978,6.34,1.7013,1.362,3.0633,0.1697,U
1994-02,3.5767,5.278,6.53,1.7013,1.252,2.9533,0.2247,U
1994-03,3.9433,5.82,6.955,1.8767,1.135,3.0117,0.3709,U
1994-04,4.2833,6.366,7.335,2.0827,0.969,3.0517,0.5569,U
1994-05,4.79,6.656,7.475,1.866,0.819,2.685,0.5235,U
1994-06,4.7467,6.582,7.455,1.8353,0.873,2.7083,0.4812,U
1994-07,4.9633,6.788,7.625,1.8247,0.837,2.6617,0.4939,U
1994-08,5.0833,6.772,7.555,1.6887,0.783,2.4717,0.4529,U
1994-09,5.25,6.98,7.79,1.73,0.81,2.54,0.46,U
1994-10,5.61,7.298,8.01,1.688,0.712,2.4,0.488,U
1994-11,5.99,7.62,8.14,1.63,0.52,2.15,0.555,U
1994-12,6.4667,7.738,7.93,1.2713,0.192,1.4633,0.5397,U
1995-01,6.4867,7.7,7.91,1.2133,0.21,1.4233,0.5017,U
1995-02,6.3167,7.328,7.67,1.0113,0.342,1.3533,0.3347,U
1995-03,6.17,7.012,7.51,0.842,0.498,1.34,0.172,U
1995-04,6.0533,6.824,7.405,0.7707,0.581,1.3517,0.0948,U
1995-05,5.9267,6.396,6.98,0.4693,0.584,1.0533,-0.0574,U
1995-06,5.6467,5.934,6.58,0.2873,0.646,0.9333,-0.1794,U
1995-07,5.6,6.032,6.73,0.432,0.698,1.13,-0.133,U
1995-08,5.6567,6.244,6.89,0.5873,0.646,1.2333,-0.0294,U
1995-09,5.53,6.006,6.6,0.476,0.594,1.07,-0.059,U
1995-10,5.53,5.868,6.41,0.338,0.542,0.88,-0.102,U
1995-11,5.4867,5.7,6.295,0.2133,0.595,0.8083,-0.1909,U
1995-12,5.3167,5.512,6.09,0.1953,0.578,0.7733,-0.1914,U
1996-01,5.1233,5.372,6.08,0.2487,0.708,0.9567,-0.2297,U
1996-02,4.9567,5.4,6.27,0.4433,0.87,1.3133,-0.2133,U
1996-03,5.2,5.976,6.67,0.776,0.694,1.47,0.041,U
1996-04,5.3,6.272,6.885,0.972,0.613,1.585,0.1795,U
1996-05,5.3733,6.45,7.02,1.0767,0.57,1.6467,0.2534,U
1996-06,5.5,6.644,7.14,1.144,0.496,1.64,0.324,U
1996-07,5.5567,6.598,7.085,1.0413,0.487,1.5283,0.2772,U
1996-08,5.4,6.358,6.905,0.958,0.547,1.505,0.2055,U
1996-09,5.5067,6.56,7.1,1.0533,0.54,1.5933,0.2567,U
1996-10,5.33,6.242,6.855,0.912,0.613,1.525,0.1495,U
1996-11,5.2867,5.958,6.53,0.6713,0.572,1.2433,0.0496,U
1996-12,5.25,6.052,6.6,0.802,0.548,1.35,0.127,U
1997-01,5.3633,6.31,6.87,0.9467,0.56,1.5067,0.1934,U
1997-02,5.3133,6.174,6.73,0.8607,0.556,1.4167,0.1524,U
1997-03,5.52,6.496,6.99,0.976,0.494,1.47,0.241,U
1997-04,5.63,6.714,7.145,1.084,0.431,1.515,0.3265,U
1997-05,5.5333,6.528,6.98,0.9947,0.452,1.4467,0.2713,U
1997-06,5.3667,6.332,6.805,0.9653,0.473,1.4383,0.2462,U
1997-07,5.3533,6.086,6.535,0.7327,0.449,1.1817,0.1419,U
1997-08,5.4133,6.15,6.615,0.7367,0.465,1.2017,0.1359,U
1997-09,5.3,6.076,6.53,0.776,0.454,1.23,0.161,U
1997-10,5.29,5.924,6.355,0.634,0.431,1.065,0.1015,U
1997-11,5.3733,5.81,6.155,0.4367,0.345,0.7817,0.0458,U
1997-12,5.4267,5.774,6.03,0.3473,0.256,0.6033,0.0456,U
1998-01,5.2167,5.446,5.845,0.2293,0.399,0.6283,-0.0849,U
1998-02,5.27,5.502,5.925,0.232,0.423,0.655,-0.0955,U
1998-03,5.2667,5.62,5.98,0.3533,0.36,0.7133,-0.0034,U
1998-04,5.24,5.618,5.96,0.378,0.342,0.72,0.018,U
1998-05,5.3133,5.64,5.97,0.3267,0.33,0.6567,-0.0017,U
1998-06,5.2833,5.524,5.75,0.2407,0.226,0.4667,0.0073,U
1998-07,5.2267,5.474,5.73,0.2473,0.256,0.5033,-0.0044,U
1998-08,5.1333,5.296,5.6,0.1627,0.304,0.4667,-0.0706,U
1998-09,4.7533,4.696,5.29,-0.0573,0.594,0.5367,-0.3257,B
1998-10,4.13,4.288,5.155,0.158,0.867,1.025,-0.3545,U
1998-11,4.55,4.652,5.365,0.102,0.713,0.815,-0.3055,U
1998-12,4.53,4.548,5.21,0.018,0.662,0.68,-0.322,U
1999-01,4.4833,4.67,5.305,0.1867,0.635,0.8217,-0.2242,U
1999-02,4.6233,4.958,5.515,0.3347,0.557,0.8917,-0.1112,U
1999-03,4.6667,5.178,5.725,0.5113,0.547,1.0583,-0.0179,U
1999-04,4.5467,5.11,5.685,0.5633,0.575,1.1383,-0.0058,U
1999-05,4.7433,5.44,5.945,0.6967,0.505,1.2017,0.0959,U
1999-06,4.95,5.816,6.2,0.866,0.384,1.25,0.241,U
1999-07,4.8233,5.716,6.13,0.8927,0.414,1.3067,0.2394,U
1999-08,5.0533,5.876,6.25,0.8227,0.374,1.1967,0.2244,U
1999-09,5.05,5.85,6.285,0.8,0.435,1.235,0.1825,U
1999-10,5.2167,6.054,6.46,0.8373,0.406,1.2433,0.2157,U
1999-11,5.4033,5.99,6.315,0.5867,0.325,0.9117,0.1309,U
1999-12,5.6267,6.218,6.52,0.5913,0.302,0.8933,0.1447,U
2000-01,5.7933,6.574,6.745,0.7807,0.171,0.9517,0.3049,U
2000-02,5.9833,6.636,6.385,0.6527,-0.251,0.4017,0.4519,H
2000-03,6.0633,6.466,6.215,0.4027,-0.251,0.1517,0.3269,H
2000-04,6.0133,6.256,6.015,0.2427,-0.241,0.0017,0.2419,H
2000-05,6.2367,6.68,6.35,0.4433,-0.33,0.1133,0.3866,H
2000-06,6.09,6.328,6.105,0.238,-0.223,0.015,0.2305,H
2000-07,6.1633,6.214,6.025,0.0507,-0.189,-0.1383,0.1199,H
2000-08,6.27,6.068,5.87,-0.202,-0.198,-0.4,-0.002,D
2000-09,6.1867,5.962,5.96,-0.2247,-0.002,-0.2267,-0.1114,D
2000-10,6.2067,5.824,5.92,-0.3827,0.096,-0.2867,-0.2394,B
2000-11,6.2633,5.774,5.88,-0.4893,0.106,-0.3833,-0.2977,B
2000-12,5.82,5.26,5.565,-0.56,0.305,-0.255,-0.4325,B
2001-01,5.0833,4.936,5.595,-0.1473,0.659,0.5117,-0.4032,B
2001-02,4.86,4.892,5.535,0.032,0.643,0.675,-0.3055,U
2001-03,4.4267,4.636,5.415,0.2093,0.779,0.9883,-0.2849,U
2001-04,3.98,4.716,5.715,0.736,0.999,1.735,-0.1315,U
2001-05,3.74,4.866,5.85,1.126,0.984,2.11,0.071,U
2001-06,3.57,4.732,5.745,1.162,1.013,2.175,0.0745,U
2001-07,3.61,4.682,5.68,1.072,0.998,2.07,0.037,U
2001-08,3.4575,4.436,5.53,0.9785,1.094,2.0725,-0.0578,U
2001-09,2.725,3.986,5.505,1.261,1.519,2.78,-0.129,U
2001-10,2.2425,3.732,5.33,1.4895,1.598,3.0875,-0.0542,U
2001-11,2,3.808,5.225,1.808,1.417,3.225,0.1955,U
2001-12,1.87,4.214,5.62,2.344,1.406,3.75,0.469,U
2002-01,1.8225,4.152,5.57,2.3295,1.418,3.7475,0.4558,U
2002-02,1.8975,4.098,5.505,2.2005,1.407,3.6075,0.3968,U
2002-03,2.0625,4.572,5.93,2.5095,1.358,3.8675,0.5758,U
2002-04,1.9825,4.462,5.85,2.4795,1.388,3.8675,0.5458,U
2002-05,1.94,4.322,5.81,2.382,1.488,3.87,0.447,U
2002-06,1.87,4.04,5.65,2.17,1.61,3.78,0.28,U
2002-07,1.7825,3.666,5.51,1.8835,1.844,3.7275,0.0198,U
2002-08,1.6825,3.216,5.19,1.5335,1.974,3.5075,-0.2203,U
2002-09,1.6725,2.926,4.87,1.2535,1.944,3.1975,-0.3453,U
2002-10,1.6175,2.918,5,1.3005,2.082,3.3825,-0.3908,U
2002-11,1.325,2.996,5.04,1.671,2.044,3.715,-0.1865,U
2002-12,1.2825,2.952,5.01,1.6695,2.058,3.7275,-0.1943,U
2003-01,1.235,2.924,5.02,1.689,2.096,3.785,-0.2035,U
2003-02,1.2225,2.786,4.87,1.5635,2.084,3.6475,-0.2603,U
2003-03,1.1825,2.696,4.82,1.5135,2.124,3.6375,-0.3053,U
2003-04,1.1875,2.808,4.91,1.6205,2.102,3.7225,-0.2408,U
2003-05,1.115,2.466,4.52,1.351,2.054,3.405,-0.3515,U
2003-06,0.965,2.236,4.34,1.271,2.104,3.375,-0.4165,U
2003-07,0.9775,2.74,4.92,1.7625,2.18,3.9425,-0.2088,U
2003-08,1.07,3.216,5.39,2.146,2.174,4.32,-0.014,U
2003-09,1.035,3.026,5.21,1.991,2.184,4.175,-0.0965,U
2003-10,1.03,3.048,5.21,2.018,2.162,4.18,-0.072,U
2003-11,1.0675,3.156,5.17,2.0885,2.014,4.1025,0.0373,U
2003-12,1.03,3.136,5.11,2.106,1.974,4.08,0.066,U
2004-01,0.995,2.99,5.01,1.995,2.02,4.015,-0.0125,U
2004-02,1.0275,2.946,4.94,1.9185,1.994,3.9125,-0.0378,U
2004-03,1.0275,2.702,4.72,1.6745,2.018,3.6925,-0.1718,U
2004-04,1.1025,3.254,5.16,2.1515,1.906,4.0575,0.1228,U
2004-05,1.265,3.702,5.46,2.437,1.758,4.195,0.3395,U
2004-06,1.525,3.806,5.45,2.281,1.644,3.925,0.3185,U
2004-07,1.5875,3.598,5.24,2.0105,1.642,3.6525,0.1843,U
2004-08,1.6625,3.408,5.07,1.7455,1.662,3.4075,0.0418,U
2004-09,1.815,3.32,4.89,1.505,1.57,3.075,-0.0325,U
2004-10,1.925,3.326,4.85,1.401,1.524,2.925,-0.0615,U
2004-11,2.2125,3.508,4.89,1.2955,1.382,2.6775,-0.0432,U
2004-12,2.3375,3.596,4.88,1.2585,1.284,2.5425,-0.0127,U
2005-01,2.49,3.702,4.77,1.212,1.068,2.28,0.072,U
2005-02,2.705,3.766,4.61,1.061,0.844,1.905,0.1085,U
2005-03,2.96,4.128,4.89,1.168,0.762,1.93,0.203,U
2005-04,2.985,3.988,4.75,1.003,0.762,1.765,0.1205,U
2005-05,3.0125,3.858,4.56,0.8455,0.702,1.5475,0.0718,U
2005-06,3.1125,3.792,4.35,0.6795,0.558,1.2375,0.0608,U
2005-07,3.39,4,4.48,0.61,0.48,1.09,0.065,U
2005-08,3.6275,4.136,4.53,0.5085,0.394,0.9025,0.0572,U
2005-09,3.59,4.04,4.51,0.45,0.47,0.92,-0.01,U
2005-10,3.9025,4.346,4.74,0.4435,0.394,0.8375,0.0248,U
2005-11,4.1275,4.464,4.83,0.3365,0.366,0.7025,-0.0147,U
2005-12,4.085,4.412,4.73,0.327,0.318,0.645,0.0045,U
2006-01,4.345,4.378,4.65,0.033,0.272,0.305,-0.1195,U
2006-02,4.5725,4.602,4.635,0.0295,0.033,0.0625,-0.0017,F
2006-03,4.685,4.724,4.82,0.039,0.096,0.135,-0.0285,F
2006-04,4.7825,4.922,5.14,0.1395,0.218,0.3575,-0.0393,U
2006-05,4.8875,5.016,5.275,0.1285,0.259,0.3875,-0.0653,U
2006-06,4.99,5.094,5.22,0.104,0.126,0.23,-0.011,U
2006-07,5.1175,5.074,5.19,-0.0435,0.116,0.0725,-0.0798,B
2006-08,5.125,4.856,5.04,-0.269,0.184,-0.085,-0.2265,B
2006-09,4.9375,4.706,4.89,-0.2315,0.184,-0.0475,-0.2078,B
2006-10,5.0375,4.726,4.895,-0.3115,0.169,-0.1425,-0.2403,B
2006-11,5.11,4.628,4.735,-0.482,0.107,-0.375,-0.2945,B
2006-12,4.9625,4.576,4.73,-0.3865,0.154,-0.2325,-0.2703,B
2007-01,5.065,4.786,4.9,-0.279,0.114,-0.165,-0.1965,B
2007-02,5.1375,4.748,4.875,-0.3895,0.127,-0.2625,-0.2582,B
2007-03,5.0775,4.524,4.765,-0.5535,0.241,-0.3125,-0.3973,B
2007-04,5,4.634,4.91,-0.366,0.276,-0.09,-0.321,B
2007-05,4.895,4.714,4.94,-0.181,0.226,0.045,-0.2035,B
2007-06,4.7925,5.032,5.245,0.2395,0.213,0.4525,0.0132,U
2007-07,4.945,4.89,5.15,-0.055,0.26,0.205,-0.1575,B
2007-08,4.385,4.456,4.965,0.071,0.509,0.58,-0.219,U
2007-09,4.0275,4.224,4.815,0.1965,0.591,0.7875,-0.1973,U
2007-10,4.0175,4.208,4.8,0.1905,0.592,0.7825,-0.2007,U
2007-11,3.5275,3.676,4.54,0.1485,0.864,1.0125,-0.3577,U
2007-12,3.1325,3.516,4.55,0.3835,1.034,1.4175,-0.3253,U
2008-01,2.7775,3.004,4.34,0.2265,1.336,1.5625,-0.5548,U
2008-02,2.1475,2.778,4.505,0.6305,1.727,2.3575,-0.5483,U
2008-03,1.42,2.468,4.375,1.048,1.907,2.955,-0.4295,U
2008-04,1.425,2.798,4.44,1.373,1.642,3.015,-0.1345,U
2008-05,1.86,3.126,4.6,1.266,1.474,2.74,-0.104,U
2008-06,2.055,3.434,4.715,1.379,1.281,2.66,0.049,U
2008-07,1.88,3.27,4.595,1.39,1.325,2.715,0.0325,U
2008-08,1.895,3.122,4.515,1.227,1.393,2.62,-0.083,U
2008-09,1.3975,2.844,4.295,1.4465,1.451,2.8975,-0.0023,U
2008-10,0.9075,2.64,4.31,1.7325,1.67,3.4025,0.0313,U
2008-11,0.5225,2.272,4.135,1.7495,1.863,3.6125,-0.0568,U
2008-12,0.2025,1.544,3.025,1.3415,1.481,2.8225,-0.0698,U
2009-01,0.23,1.608,3.295,1.378,1.687,3.065,-0.1545,U
2009-02,0.4,1.878,3.71,1.478,1.832,3.31,-0.177,U
2009-03,0.3475,1.86,3.71,1.5125,1.85,3.3625,-0.1688,U
2009-04,0.29,1.902,3.8,1.612,1.898,3.51,-0.143,U
2009-05,0.28,2.11,4.225,1.83,2.115,3.945,-0.1425,U
2009-06,0.275,2.548,4.515,2.273,1.967,4.24,0.153,U
2009-07,0.2725,2.346,4.395,2.0735,2.049,4.1225,0.0123,U
2009-08,0.255,2.428,4.35,2.173,1.922,4.095,0.1255,U
2009-09,0.1975,2.246,4.165,2.0485,1.919,3.9675,0.0648,U
2009-10,0.16,2.218,4.175,2.058,1.957,4.015,0.0505,U
2009-11,0.14,2.134,4.275,1.994,2.141,4.135,-0.0735,U
2009-12,0.155,2.25,4.445,2.095,2.195,4.29,-0.05,U
2010-01,0.145,2.368,4.55,2.223,2.182,4.405,0.0205,U
2010-02,0.175,2.286,4.55,2.111,2.264,4.375,-0.0765,U
2010-03,0.225,2.358,4.565,2.133,2.207,4.34,-0.037,U
2010-04,0.25,2.482,4.61,2.232,2.128,4.36,0.052,U
2010-05,0.225,2.122,4.2,1.897,2.078,3.975,-0.0905,U
2010-06,0.1775,1.95,4.04,1.7725,2.09,3.8625,-0.1588,U
2010-07,0.2025,1.76,3.895,1.5575,2.135,3.6925,-0.2888,U
2010-08,0.19,1.514,3.66,1.324,2.146,3.47,-0.411,U
2010-09,0.18,1.466,3.62,1.286,2.154,3.44,-0.434,U
2010-10,0.17,1.304,3.695,1.134,2.391,3.525,-0.6285,U
2010-11,0.175,1.45,4.005,1.275,2.555,3.83,-0.64,U
2010-12,0.1775,1.898,4.295,1.7205,2.397,4.1175,-0.3383,U
2011-01,0.185,1.948,4.4,1.763,2.452,4.215,-0.3445,U
2011-02,0.175,2.17,4.535,1.995,2.365,4.36,-0.185,U
2011-03,0.145,2.038,4.39,1.893,2.352,4.245,-0.2295,U
2011-04,0.115,2.082,4.39,1.967,2.308,4.275,-0.1705,U
2011-05,0.085,1.804,4.15,1.719,2.346,4.065,-0.3135,U
2011-06,0.085,1.598,4.07,1.513,2.472,3.985,-0.4795,U
2011-07,0.0875,1.582,4.11,1.4945,2.528,4.0225,-0.5168,U
2011-08,0.0525,1.112,3.445,1.0595,2.333,3.3925,-0.6368,U
2011-09,0.04,0.972,3.005,0.932,2.033,2.965,-0.5505,U
2011-10,0.0475,1.116,3,1.0685,1.884,2.9525,-0.4078,U
2011-11,0.045,1.002,2.87,0.957,1.868,2.825,-0.4555,U
2011-12,0.045,0.99,2.825,0.945,1.835,2.78,-0.445,U
2012-01,0.06,0.958,2.865,0.898,1.907,2.805,-0.5045,U
2012-02,0.1075,0.966,2.93,0.8585,1.964,2.8225,-0.5528,U
2012-03,0.1175,1.12,3.11,1.0025,1.99,2.9925,-0.4938,U
2012-04,0.1175,1.018,3,0.9005,1.982,2.8825,-0.5408,U
2012-05,0.125,0.89,2.73,0.765,1.84,2.605,-0.5375,U
2012-06,0.12,0.818,2.505,0.698,1.687,2.385,-0.4945,U
2012-07,0.1275,0.742,2.405,0.6145,1.663,2.2775,-0.5243,U
2012-08,0.1275,0.834,2.585,0.7065,1.751,2.4575,-0.5223,U
2012-09,0.1275,0.822,2.685,0.6945,1.863,2.5575,-0.5843,U
2012-10,0.135,0.852,2.705,0.717,1.853,2.57,-0.568,U
2012-11,0.1325,0.806,2.595,0.6735,1.789,2.4625,-0.5578,U
2012-12,0.0975,0.832,2.675,0.7345,1.843,2.5775,-0.5543,U
2013-01,0.095,0.936,2.88,0.841,1.944,2.785,-0.5515,U
2013-02,0.115,0.97,2.975,0.855,2.005,2.86,-0.575,U
2013-03,0.1075,0.95,2.97,0.8425,2.02,2.8625,-0.5888,U
2013-04,0.08,0.838,2.74,0.758,1.902,2.66,-0.572,U
2013-05,0.065,0.946,2.92,0.881,1.974,2.855,-0.5465,U
2013-06,0.0775,1.224,3.235,1.1465,2.011,3.1575,-0.4323,U
2013-07,0.0625,1.39,3.46,1.3275,2.07,3.3975,-0.3713,U
2013-08,0.07,1.494,3.625,1.424,2.131,3.555,-0.3535,U
2013-09,0.05,1.562,3.66,1.512,2.098,3.61,-0.293,U
2013-10,0.09,1.39,3.53,1.3,2.14,3.44,-0.42,U
2013-11,0.085,1.408,3.65,1.323,2.242,3.565,-0.4595,U
2013-12,0.08,1.56,3.76,1.48,2.2,3.68,-0.36,U
2014-01,0.0625,1.594,3.645,1.5315,2.051,3.5825,-0.2598,U
2014-02,0.075,1.48,3.52,1.405,2.04,3.445,-0.3175,U
2014-03,0.0775,1.562,3.485,1.4845,1.923,3.4075,-0.2193,U
2014-04,0.0525,1.596,3.395,1.5435,1.799,3.3425,-0.1278,U
2014-05,0.0525,1.498,3.255,1.4455,1.757,3.2025,-0.1558,U
2014-06,0.055,1.564,3.285,1.509,1.721,3.23,-0.106,U
2014-07,0.055,1.578,3.2,1.523,1.622,3.145,-0.0495,U
2014-08,0.055,1.506,3.07,1.451,1.564,3.015,-0.0565,U
2014-09,0.045,1.628,3.135,1.583,1.507,3.09,0.038,U
2014-10,0.0475,1.432,2.905,1.3845,1.473,2.8575,-0.0442,U
2014-11,0.065,1.494,2.9,1.429,1.406,2.835,0.0115,U
2014-12,0.095,1.506,2.69,1.411,1.184,2.595,0.1135,U
2015-01,0.0825,1.274,2.33,1.1915,1.056,2.2475,0.0678,U
2015-02,0.0825,1.37,2.455,1.2875,1.085,2.3725,0.1013,U
2015-03,0.1025,1.412,2.52,1.3095,1.108,2.4175,0.1008,U
2015-04,0.09,1.278,2.46,1.188,1.182,2.37,0.003,U
2015-05,0.0875,1.452,2.825,1.3645,1.373,2.7375,-0.0043,U
2015-06,0.1,1.58,2.98,1.48,1.4,2.88,0.04,U
2015-07,0.12,1.538,2.92,1.418,1.382,2.8,0.018,U
2015-08,0.1775,1.47,2.705,1.2925,1.235,2.5275,0.0287,U
2015-09,0.145,1.452,2.785,1.307,1.333,2.64,-0.013,U
2015-10,0.1,1.358,2.695,1.258,1.337,2.595,-0.0395,U
2015-11,0.2525,1.606,2.86,1.3535,1.254,2.6075,0.0498,U
2015-12,0.3875,1.648,2.79,1.2605,1.142,2.4025,0.0592,U
2016-01,0.365,1.5,2.675,1.135,1.175,2.31,-0.02,U
2016-02,0.3875,1.232,2.41,0.8445,1.178,2.0225,-0.1668,U
2016-03,0.42,1.374,2.48,0.954,1.106,2.06,-0.076,U
